{
  "model": "tiny-gpt (n_embd 128, 4 layers)",
  "d_model": 128,
  "sae_width": 256,
  "over_complete": 2.0,
  "n_samples": 12000,
  "host": {
    "all": {
      "cov95": 0.6153846153846154,
      "mauc": 0.9158840086720865
    },
    "lexical": {
      "n": 9,
      "cov95": 0.1111111111111111,
      "mauc": 0.8024847590645159
    },
    "token": {
      "n": 17,
      "cov95": 0.8823529411764706,
      "mauc": 0.9759189055231533
    }
  },
  "forged": {
    "all": {
      "cov95": 0.038461538461538464,
      "mauc": 0.8106492547944277
    },
    "lexical": {
      "n": 9,
      "cov95": 0.0,
      "mauc": 0.7051526753737289
    },
    "token": {
      "n": 17,
      "cov95": 0.058823529411764705,
      "mauc": 0.866500385075974
    }
  },
  "tax_cov95": {
    "all": 0.577,
    "lexical": 0.111,
    "token": 0.824
  }
}