{
  "model": "tiny-gpt (n_embd 128, 4 layers)",
  "d_model": 128,
  "sae_width": 2048,
  "over_complete": 16.0,
  "n_samples": 12000,
  "host": {
    "all": {
      "cov95": 0.6923076923076923,
      "mauc": 0.9205640920235318
    },
    "lexical": {
      "n": 9,
      "cov95": 0.1111111111111111,
      "mauc": 0.7812652184828335
    },
    "token": {
      "n": 17,
      "cov95": 1.0,
      "mauc": 0.9943105544862547
    }
  },
  "forged": {
    "all": {
      "cov95": 0.15384615384615385,
      "mauc": 0.8655382517159732
    },
    "lexical": {
      "n": 9,
      "cov95": 0.0,
      "mauc": 0.7718691330998725
    },
    "token": {
      "n": 17,
      "cov95": 0.23529411764705882,
      "mauc": 0.9151277851009675
    }
  },
  "tax_cov95": {
    "all": 0.538,
    "lexical": 0.111,
    "token": 0.765
  }
}