{
  "experiment": "composition graph",
  "model": "gpt2",
  "n_heads": 144,
  "K_prevtok_to_induction": 0.06007169187068939,
  "K_causal_baseline": 0.041866641491651535,
  "K_random_to_induction": 0.0380343459546566,
  "prevtok_writers": [
    "4.11",
    "2.2",
    "3.2",
    "3.7",
    "2.9",
    "1.0"
  ],
  "induction_heads": [
    "7.11",
    "5.0",
    "5.5",
    "6.9",
    "0.0",
    "11.0"
  ],
  "top_K_edges": [
    [
      "1.9",
      "11.8",
      0.11431697756052017
    ],
    [
      "0.11",
      "4.11",
      0.11392766237258911
    ],
    [
      "0.11",
      "3.7",
      0.10926717519760132
    ],
    [
      "0.11",
      "3.2",
      0.10843390226364136
    ],
    [
      "1.8",
      "10.9",
      0.10614171624183655
    ],
    [
      "1.8",
      "4.11",
      0.10542313754558563
    ],
    [
      "1.8",
      "11.8",
      0.10319065302610397
    ],
    [
      "0.11",
      "2.5",
      0.10202337056398392
    ],
    [
      "0.11",
      "3.6",
      0.10164991766214371
    ],
    [
      "4.11",
      "6.9",
      0.10130061954259872
    ],
    [
      "4.11",
      "5.1",
      0.1006208062171936
    ],
    [
      "0.11",
      "2.9",
      0.1004016324877739
    ],
    [
      "0.11",
      "2.2",
      0.09890513867139816
    ],
    [
      "0.11",
      "2.10",
      0.09876527637243271
    ],
    [
      "0.11",
      "3.8",
      0.09625594317913055
    ],
    [
      "0.11",
      "10.9",
      0.09602269530296326
    ],
    [
      "4.11",
      "5.5",
      0.09601115435361862
    ],
    [
      "0.11",
      "2.3",
      0.09574361145496368
    ],
    [
      "0.11",
      "1.1",
      0.09561997652053833
    ],
    [
      "1.8",
      "10.5",
      0.09496398270130157
    ]
  ],
  "top_Q_edges": [
    [
      "0.11",
      "1.10",
      0.11374571174383163
    ],
    [
      "0.11",
      "2.7",
      0.1101880669593811
    ],
    [
      "0.11",
      "1.2",
      0.10359366238117218
    ],
    [
      "0.9",
      "1.10",
      0.10343737155199051
    ],
    [
      "0.11",
      "1.3",
      0.10294795781373978
    ],
    [
      "1.9",
      "2.7",
      0.10132643580436707
    ],
    [
      "1.2",
      "2.7",
      0.09844687581062317
    ],
    [
      "0.11",
      "1.8",
      0.0972253680229187
    ],
    [
      "1.8",
      "2.7",
      0.09546852111816406
    ],
    [
      "1.3",
      "2.7",
      0.09362157434225082
    ],
    [
      "1.7",
      "2.1",
      0.09225267171859741
    ],
    [
      "0.11",
      "1.9",
      0.09175761789083481
    ]
  ]
}