{
  "experiment": "is the entangled core a generic grammar \u2014 corpus-invariance + closed-class dominance of the shared write-basis",
  "results": [
    {
      "model": "Llama-3.2-1B",
      "d_model": 2048,
      "core_dim_K": 578,
      "corpora": {
        "shakespeare": 578,
        "novel": 571,
        "code": 581
      },
      "chance_overlap": 0.2822265625,
      "generic": {
        "core_overlap": {
          "shakespeare~novel": 0.4612487679574878,
          "shakespeare~code": 0.3650707437939879,
          "novel~code": 0.3739028484168174
        },
        "tail_overlap": {
          "shakespeare~novel": 0.3220942404695308,
          "shakespeare~code": 0.2932978748661153,
          "novel~code": 0.29603041765655774
        },
        "mean_core_overlap": 0.4000741200560977,
        "mean_tail_overlap": 0.3038075109974013,
        "binned": {
          "top16": {
            "overlap": 0.41333025000270557,
            "chance": 0.0078125
          },
          "mid16_64": {
            "overlap": 0.15633126873215422,
            "chance": 0.0234375
          },
          "deep64_K": {
            "overlap": 0.33057959171780593,
            "chance": 0.2509765625
          }
        }
      },
      "grammatical": {
        "closed_top16": 0.30000000000000004,
        "closed_mid16_64": 0.18541666666666667,
        "closed_deep64_K": 0.023151750972762643,
        "closed_tail": 0.006401384083044983,
        "closed_random": 0.008131487889273354,
        "closed_core_all": 0.04429065743944637,
        "closed_vocab_size": 491
      },
      "core_examples": [
        [
          "\u00c2\u0143i",
          "\u00c5\u00bce",
          "\u00c5\u013dcie",
          "\u00c5\u00bcy",
          "z\u00c4\u0127",
          "asto",
          "\u00c5\u00ba",
          "eled"
        ],
        [
          "imei",
          "mute",
          "acos",
          ".Bundle",
          "YK",
          "fried",
          "\u00c3\u00a9e",
          "_quatre"
        ],
        [
          "\u00e2\u0122\u0136",
          "_\u00e2\u0122\u0136",
          "(",
          ":",
          "...",
          "\u00e2\u0122\u0135",
          "\u00e2\u0122\u0136as",
          "*"
        ],
        [
          "_himself",
          "_ourselves",
          "_herself",
          "_themselves",
          "\u00c2\u0142h",
          "_weren",
          "_Himself",
          "_aren"
        ],
        [
          "_http",
          "_#",
          "http",
          "_Lia",
          "_programm",
          "_racist",
          "_Dimension",
          "_indicator"
        ],
        [
          "_the",
          "_a",
          "_an",
          "_using",
          "ukan",
          "_Xavier",
          "_facing",
          "_im"
        ]
      ],
      "tail_examples": [
        [
          "_ric",
          "op",
          "_K\u00c3\u00bcr",
          "Case",
          "_Oak",
          "_case",
          "ric",
          "_Seek"
        ],
        [
          "UMP",
          "urger",
          "odium",
          "MZ",
          "_Satellite",
          "_b\u00c3\u00acnh",
          "_Literature",
          "umper"
        ],
        [
          "_Norm",
          "_norm",
          "_NL",
          "normally",
          "_Tre",
          "_Es",
          "_Emp",
          "_reck"
        ],
        [
          "i\u00c4\u0129",
          "icom",
          "a\u00c5\u00be",
          "chter",
          "_toen",
          "Child",
          "ormal",
          "a\u00c4\u0129"
        ],
        [
          "\u00e5\u0131\u00b7",
          "_cer",
          "_mell",
          "bucks",
          "_worth",
          ",(",
          "_sometime",
          "_pf"
        ],
        [
          "\u00d1\u012c",
          "_corner",
          "amb",
          "ao",
          "urring",
          "_O",
          "_overse",
          "ectomy"
        ]
      ]
    },
    {
      "model": "gpt2",
      "d_model": 768,
      "core_dim_K": 278,
      "corpora": {
        "shakespeare": 278,
        "novel": 279,
        "code": 304
      },
      "chance_overlap": 0.3619791666666667,
      "generic": {
        "core_overlap": {
          "shakespeare~novel": 0.5246411754502244,
          "shakespeare~code": 0.43948189806245935,
          "novel~code": 0.48059809114088875
        },
        "tail_overlap": {
          "shakespeare~novel": 0.4632095211042447,
          "shakespeare~code": 0.4067876220278024,
          "novel~code": 0.43394994400523756
        },
        "mean_core_overlap": 0.4815737215511908,
        "mean_tail_overlap": 0.43464902904576147,
        "binned": {
          "top16": {
            "overlap": 0.4408511818058871,
            "chance": 0.020833333333333332
          },
          "mid16_64": {
            "overlap": 0.23041177001744964,
            "chance": 0.0625
          },
          "deep64_K": {
            "overlap": 0.3453028104934544,
            "chance": 0.2786458333333333
          }
        }
      },
      "grammatical": {
        "closed_top16": 0.275,
        "closed_mid16_64": 0.025000000000000005,
        "closed_deep64_K": 0.0032710280373831778,
        "closed_tail": 0.0010791366906474822,
        "closed_random": 0.0014388489208633094,
        "closed_core_all": 0.022661870503597123,
        "closed_vocab_size": 487
      },
      "core_examples": [
        [
          "_the",
          ",",
          "_and",
          "-",
          "_a",
          ".",
          "_in",
          "_\""
        ],
        [
          ",",
          "_and",
          ".",
          "_in",
          "-",
          "_the",
          "_to",
          "_of"
        ],
        [
          ".",
          ";",
          ".:",
          ":",
          "atic",
          ".\u00e2\u0122\u0136",
          "atically",
          ","
        ],
        [
          "!,",
          ",\u00e2\u0122\u0136",
          ",",
          "_insofar",
          ";",
          ".\u00e2\u0122\u0136",
          "!.",
          "!"
        ],
        [
          "_have",
          "_HAVE",
          "_chose",
          "_took",
          "_inhabit",
          "_saw",
          "_find",
          "'ve"
        ],
        [
          "_thee",
          "_thy",
          "_thou",
          "_ye",
          "_yourselves",
          "_beware",
          "_slay",
          "areth"
        ]
      ],
      "tail_examples": [
        [
          "\u00e9\u0139\u013a",
          "inventoryQuantity",
          "uana",
          "yll",
          "ureen",
          "_Lear",
          "advertising",
          "izont"
        ],
        [
          "}}}",
          "_Nationwide",
          "_Maxim",
          "_quotas",
          "gov",
          "_metric",
          "_Mandatory",
          "igraph"
        ],
        [
          "orial",
          "_Pengu",
          "rights",
          "etsy",
          "elia",
          "Policy",
          "erman",
          "_imag"
        ],
        [
          "NPR",
          "abyte",
          "atu",
          "occup",
          "rg",
          "fecture",
          "ATIVE",
          "inventoryQuantity"
        ],
        [
          "eva",
          "uberty",
          "ua",
          "_Forestry",
          "NS",
          "AAF",
          "breeding",
          "_ATK"
        ],
        [
          "_Loading",
          "_automakers",
          "_largeDownload",
          "_attm",
          "_\u00e8\u00a3\u0131\u00e8",
          "_Jing",
          "efully",
          "redients"
        ]
      ]
    }
  ]
}