{
  "experiment": "corpus robustness (shakespeare vs wikitext)",
  "model": "gpt2",
  "corpora": [
    "shakespeare",
    "wikitext"
  ],
  "n_operands": 16,
  "shared_operands": [
    "_the",
    "_to",
    "\u010a",
    "_and",
    "_in",
    "_of",
    "_that",
    "_a",
    "_for",
    "_is",
    "_with",
    "_as",
    "_are",
    "_their",
    "_be",
    "_'"
  ],
  "identity_stability": {
    "prev": {
      "spearman": 0.9937705972188731,
      "overlap": 5,
      "shared_top": [
        "2.2",
        "2.9",
        "3.2",
        "3.7",
        "4.11"
      ]
    },
    "dup": {
      "spearman": 0.8378024274575999,
      "overlap": 5,
      "shared_top": [
        "0.1",
        "0.5",
        "1.11",
        "1.5",
        "3.0"
      ]
    },
    "ind": {
      "spearman": 0.7473715939233181,
      "overlap": 3,
      "shared_top": [
        "5.0",
        "5.5",
        "6.9"
      ]
    }
  },
  "opcode_legz_spearman": 0.3715416767140905,
  "top_heads": {
    "shakespeare": {
      "prev": [
        "4.11",
        "2.2",
        "3.2",
        "3.7",
        "2.9"
      ],
      "dup": [
        "0.5",
        "0.1",
        "1.5",
        "3.0",
        "1.11"
      ],
      "ind": [
        "7.11",
        "5.0",
        "5.5",
        "6.9",
        "0.0"
      ]
    },
    "wikitext": {
      "prev": [
        "4.11",
        "2.2",
        "3.7",
        "3.2",
        "2.9"
      ],
      "dup": [
        "0.5",
        "0.1",
        "3.0",
        "1.11",
        "1.5"
      ],
      "ind": [
        "5.5",
        "6.9",
        "7.10",
        "5.1",
        "5.0"
      ]
    }
  },
  "buckets": {
    "shakespeare": {
      "self": 0.08452525107094584,
      "sink": 0.4499908291394268,
      "prev": 0.08659943390755839,
      "structural": 0.10887739996256683,
      "local": 0.13100632405039914,
      "long_range": 0.13900076220519444
    },
    "wikitext": {
      "self": 0.08790879338589742,
      "sink": 0.4550333980071753,
      "prev": 0.08723629610524666,
      "structural": 0.044173534157875866,
      "local": 0.15640301085799826,
      "long_range": 0.16924496783289344
    }
  }
}