{
  "experiment": "k(d) and \u03b7(d) for the P3 ansatz",
  "results": [
    {
      "model": "pythia-70m",
      "d": 512,
      "m": 2048,
      "n_layers": 6,
      "k_per_token": 761.4633391698202,
      "k_per_layer": [
        898.2,
        1076.5,
        1124.8,
        712.9,
        494.3,
        262.1
      ],
      "effrank": 51.40089111747991,
      "packing_effrank_over_m": 0.025098091365956986
    },
    {
      "model": "pythia-160m",
      "d": 768,
      "m": 3072,
      "n_layers": 12,
      "k_per_token": 1260.524249204,
      "k_per_layer": [
        1316.2,
        1426.9,
        1489.7,
        1636.4,
        1661.7,
        1534.0,
        1647.4,
        1353.0,
        1167.0,
        934.1,
        583.7,
        376.3
      ],
      "effrank": 55.690868892987595,
      "packing_effrank_over_m": 0.018128538051102733
    },
    {
      "model": "pythia-410m",
      "d": 1024,
      "m": 4096,
      "n_layers": 24,
      "k_per_token": 2131.7127379735307,
      "k_per_layer": [
        2341.4,
        2236.5,
        2332.5,
        2339.6,
        2174.2,
        2205.5,
        2108.4,
        2164.2,
        2145.0,
        2299.3,
        2422.5,
        2379.8,
        2475.5,
        2459.9,
        2229.0,
        2396.5,
        2303.4,
        2374.3,
        2343.5,
        2048.4,
        1922.3,
        1100.8,
        1591.5,
        766.9
      ],
      "effrank": 70.22162434560977,
      "packing_effrank_over_m": 0.017143951256252385
    },
    {
      "model": "pythia-1b",
      "d": 2048,
      "m": 8192,
      "n_layers": 16,
      "k_per_token": 3731.21308555603,
      "k_per_layer": [
        3620.5,
        3825.3,
        3856.6,
        4064.4,
        3644.7,
        3747.8,
        4066.7,
        4224.2,
        4219.3,
        4256.5,
        3995.9,
        3798.0,
        3653.9,
        3532.6,
        2928.8,
        2264.4
      ],
      "effrank": 94.48018254497951,
      "packing_effrank_over_m": 0.011533225408322694
    }
  ],
  "fit": {
    "k_vs_d_exponent": 1.1546366013346907,
    "packing_vs_d_exponent": -0.5397091527981766
  }
}