{
  "experiment": "does input covariance structure cause the d^0.15 excess in k? (real vs column-shuffled)",
  "results": [
    {
      "model": "pythia-70m",
      "d": 512,
      "m": 2048,
      "k_real": 762.7127583821615,
      "k_shuf": 927.4139353434244,
      "k_iid": 825.2540181477865,
      "effrank_x": 31.799353043238323
    },
    {
      "model": "pythia-160m",
      "d": 768,
      "m": 3072,
      "k_real": 1264.0959701538086,
      "k_shuf": 1506.2702407836914,
      "k_iid": 1280.1235249837239,
      "effrank_x": 46.67476566632589
    },
    {
      "model": "pythia-410m",
      "d": 1024,
      "m": 4096,
      "k_real": 2136.2232259114585,
      "k_shuf": 2498.548568725586,
      "k_iid": 1766.7515157063801,
      "effrank_x": 72.87400029102962
    },
    {
      "model": "pythia-1b",
      "d": 2048,
      "m": 8192,
      "k_real": 3746.9022674560547,
      "k_shuf": 4999.061141967773,
      "k_iid": 3347.3887634277344,
      "effrank_x": 89.55169819295406
    }
  ],
  "fit": {
    "k_iid_exp": 1.0081407155809523,
    "k_real_exp": 1.1563309529114132,
    "k_shuf_exp": 1.2272737419928208,
    "effrank_exp": 0.7516991596556366
  }
}