{
  "experiment": "instruction templates",
  "model": "gpt2",
  "n_tokens": 40,
  "singular_fraction": [
    0.09266828158267824,
    0.04582138005261462,
    0.032832163179621225,
    0.02680238482781373,
    0.024272970335395227,
    0.021405870398072884
  ],
  "templates": [
    {
      "rank": 0,
      "energy": 0.09266828158267824,
      "shape": "DIFFUSE",
      "diag_score": 0.025257923478505334,
      "broadcast": 0.038158801330600706,
      "row_peak": 0.048338969489157516,
      "top_offdiag_binds": [
        [
          ",",
          "_for",
          -0.058
        ],
        [
          "First",
          "_for",
          0.057
        ],
        [
          "First",
          "And",
          0.056
        ],
        [
          "First",
          "_he",
          0.055
        ],
        [
          ",",
          "First",
          -0.054
        ]
      ],
      "top_diag_tokens": [
        "First",
        "_for",
        "IA",
        "_he",
        "And"
      ],
      "top_heads": [
        "10.7",
        "10.3",
        "10.2",
        "6.4",
        "8.8",
        "9.0"
      ]
    },
    {
      "rank": 1,
      "energy": 0.04582138005261462,
      "shape": "DIFFUSE",
      "diag_score": 0.026320819442500854,
      "broadcast": 0.04254164287168889,
      "row_peak": 0.07383987064917048,
      "top_offdiag_binds": [
        [
          "MAR",
          "IA",
          -0.113
        ],
        [
          "MAR",
          "US",
          -0.108
        ],
        [
          "MAR",
          ":",
          -0.104
        ],
        [
          "CI",
          "US",
          -0.101
        ],
        [
          "MAR",
          "I",
          -0.099
        ]
      ],
      "top_diag_tokens": [
        "_the",
        ".",
        "_to",
        "_a",
        "_of"
      ],
      "top_heads": [
        "8.1",
        "7.10",
        "7.2",
        "7.7",
        "6.9",
        "3.9"
      ]
    },
    {
      "rank": 2,
      "energy": 0.032832163179621225,
      "shape": "DIFFUSE",
      "diag_score": 0.05825428296588712,
      "broadcast": 0.04787068495472959,
      "row_peak": 0.09251910953948402,
      "top_offdiag_binds": [
        [
          "_the",
          "_a",
          0.103
        ],
        [
          "?",
          ".",
          0.1
        ],
        [
          "!",
          ".",
          0.098
        ],
        [
          "_a",
          "_the",
          0.091
        ],
        [
          "_the",
          "_his",
          0.091
        ]
      ],
      "top_diag_tokens": [
        "_the",
        "_a",
        ".",
        "_of",
        "_I"
      ],
      "top_heads": [
        "0.10",
        "0.3",
        "0.1",
        "0.4",
        "0.5",
        "0.8"
      ]
    },
    {
      "rank": 3,
      "energy": 0.02680238482781373,
      "shape": "DIFFUSE",
      "diag_score": 0.044742442926561966,
      "broadcast": 0.035709469269456125,
      "row_peak": 0.0864567840297221,
      "top_offdiag_binds": [
        [
          "_I",
          "_have",
          0.083
        ],
        [
          ":",
          ".",
          -0.073
        ],
        [
          "I",
          "_I",
          0.071
        ],
        [
          ":",
          "IA",
          -0.068
        ],
        [
          ":",
          "US",
          -0.065
        ]
      ],
      "top_diag_tokens": [
        "_a",
        ",",
        "_and",
        "_I",
        "_the"
      ],
      "top_heads": [
        "4.1",
        "3.8",
        "10.1",
        "4.5",
        "7.0",
        "3.0"
      ]
    },
    {
      "rank": 4,
      "energy": 0.024272970335395227,
      "shape": "DIFFUSE",
      "diag_score": 0.003955139508318938,
      "broadcast": 0.05823446506968553,
      "row_peak": 0.07247672843909048,
      "top_offdiag_binds": [
        [
          "First",
          ",",
          0.076
        ],
        [
          "\u010a",
          ".",
          -0.075
        ],
        [
          "_him",
          ".",
          0.075
        ],
        [
          "First",
          ":",
          0.075
        ],
        [
          "_him",
          ":",
          0.074
        ]
      ],
      "top_diag_tokens": [
        "'s",
        "_of",
        "_our",
        "MAR",
        "_to"
      ],
      "top_heads": [
        "1.8",
        "3.10",
        "0.6",
        "6.2",
        "4.7",
        "0.8"
      ]
    },
    {
      "rank": 5,
      "energy": 0.021405870398072884,
      "shape": "DIFFUSE",
      "diag_score": 0.011785700130190186,
      "broadcast": 0.046879406444289486,
      "row_peak": 0.07583871940050782,
      "top_offdiag_binds": [
        [
          "MAR",
          "CI",
          -0.126
        ],
        [
          ";",
          ",",
          0.102
        ],
        [
          "CI",
          "US",
          -0.097
        ],
        [
          "\u010a",
          ",",
          0.09
        ],
        [
          "MAR",
          ".",
          0.083
        ]
      ],
      "top_diag_tokens": [
        ",",
        ";",
        "_and",
        "\u010a",
        "_in"
      ],
      "top_heads": [
        "5.1",
        "2.0",
        "2.7",
        "5.8",
        "5.0",
        "5.5"
      ]
    }
  ]
}