{
  "experiment": "instruction reuse vs specialization (head-class x task causal matrix)",
  "model": "gpt2",
  "tasks": [
    "generic",
    "induction",
    "copy_names",
    "successor",
    "ioi"
  ],
  "baselines": {
    "generic": 4.999532612047697,
    "induction": 0.6624949113984736,
    "copy_names": 0.3153548349362322,
    "successor": 0.02632038134421843,
    "ioi": 3.0297407150268554
  },
  "load_bearing_threshold": {
    "generic": 0.05,
    "induction": 0.2702473257443297,
    "copy_names": 0.7101316700617155,
    "successor": 4.381927137297785,
    "ioi": 0.185109137352929
  },
  "random_effect": {
    "generic": -0.00024679591626092234,
    "induction": 0.11326970194250767,
    "copy_names": 0.26231706639947805,
    "successor": 1.1214869802693024,
    "ioi": 0.009541179180394124
  },
  "classes": {
    "prev_token": {
      "heads": [
        "4.11"
      ],
      "size": 1,
      "effects": {
        "generic": 0.005146230439415838,
        "induction": 0.6490716437313774,
        "copy_names": 1.6908432022242614,
        "successor": 0.45159077126339137,
        "ioi": 0.15527738333603291
      },
      "serves": [
        "induction",
        "copy_names"
      ],
      "n_serves": 2
    },
    "induction": {
      "heads": [
        "5.0",
        "5.1",
        "5.5",
        "6.9",
        "7.11"
      ],
      "size": 5,
      "effects": {
        "generic": 0.030726887997103092,
        "induction": 6.525931911525994,
        "copy_names": 8.026904907957276,
        "successor": 5.463728157763787,
        "ioi": 0.2592071913978522
      },
      "serves": [
        "induction",
        "copy_names",
        "successor",
        "ioi"
      ],
      "n_serves": 4
    },
    "duplicate_token": {
      "heads": [
        "0.1",
        "0.5",
        "3.0",
        "1.5"
      ],
      "size": 4,
      "effects": {
        "generic": 0.04811660718987789,
        "induction": 0.7295942262788943,
        "copy_names": 7.456098799050989,
        "successor": 22.699286168881613,
        "ioi": -0.05412112690153379
      },
      "serves": [
        "induction",
        "copy_names",
        "successor"
      ],
      "n_serves": 3
    },
    "name_mover": {
      "heads": [
        "9.6",
        "9.9",
        "10.0",
        "10.10"
      ],
      "size": 4,
      "effects": {
        "generic": -0.00044626910093943515,
        "induction": 0.09590769898044361,
        "copy_names": 0.4981843313535963,
        "successor": 0.421971402111499,
        "ioi": 0.06373347579021323
      },
      "serves": [],
      "n_serves": 0
    },
    "s_inhibition": {
      "heads": [
        "7.3",
        "7.9",
        "8.6",
        "8.10"
      ],
      "size": 4,
      "effects": {
        "generic": 0.004336193781802919,
        "induction": -0.09536742079154924,
        "copy_names": -0.12503250524712556,
        "successor": -0.19472829013275755,
        "ioi": 0.5667573435919632
      },
      "serves": [
        "ioi"
      ],
      "n_serves": 1
    },
    "negative_mover": {
      "heads": [
        "10.7",
        "11.10"
      ],
      "size": 2,
      "effects": {
        "generic": 0.001016868800130121,
        "induction": -0.27107775258263694,
        "copy_names": -0.4606571620709359,
        "successor": -0.31705314107182647,
        "ioi": -0.517242700453937
      },
      "serves": [],
      "n_serves": 0
    }
  },
  "shared_core": [
    "prev_token",
    "induction",
    "duplicate_token"
  ],
  "specialized": [
    "s_inhibition"
  ],
  "serves_copy_and_ioi": [
    "induction"
  ],
  "ioi_only": [
    "s_inhibition"
  ],
  "serves_generic": [],
  "induction_n_serves": 4,
  "successor_served_by_copy_ops": true
}