{
  "experiment": "instruction NMF head-clustering",
  "model": "gpt2",
  "k": 8,
  "nmf_reconstruction": 0.47040876245080987,
  "opcodes": [
    {
      "id": 0,
      "shape": "DIFFUSE",
      "n_heads": 31,
      "diag_score": 0.022827416791885984,
      "broadcast": 0.046184868212749246,
      "row_peak": 0.05391931488470245,
      "top_binds": [
        [
          "First",
          "_and",
          -0.069
        ],
        [
          "First",
          ",",
          -0.065
        ],
        [
          "_for",
          "_and",
          -0.063
        ],
        [
          "And",
          "_and",
          -0.062
        ],
        [
          "_for",
          ",",
          -0.06
        ],
        [
          "_not",
          "First",
          -0.06
        ]
      ],
      "top_heads": [
        "11.3",
        "11.8",
        "11.6",
        "11.10",
        "10.0",
        "9.0"
      ],
      "layer_hist": {
        "0": 1,
        "4": 1,
        "6": 1,
        "7": 1,
        "8": 4,
        "9": 5,
        "10": 6,
        "11": 12
      }
    },
    {
      "id": 5,
      "shape": "DIFFUSE",
      "n_heads": 25,
      "diag_score": 0.022581805727593798,
      "broadcast": 0.05230243297734741,
      "row_peak": 0.07517669992813543,
      "top_binds": [
        [
          "_and",
          ":",
          -0.078
        ],
        [
          "First",
          ":",
          0.075
        ],
        [
          "First",
          ".",
          0.075
        ],
        [
          "_that",
          ":",
          -0.075
        ],
        [
          "_him",
          ".",
          0.074
        ],
        [
          "IA",
          ":",
          0.073
        ]
      ],
      "top_heads": [
        "3.4",
        "4.4",
        "8.10",
        "7.6",
        "8.6",
        "6.6"
      ],
      "layer_hist": {
        "3": 2,
        "4": 3,
        "5": 2,
        "6": 6,
        "7": 1,
        "8": 5,
        "9": 3,
        "10": 3
      }
    },
    {
      "id": 2,
      "shape": "DIFFUSE",
      "n_heads": 23,
      "diag_score": -0.02936277902208984,
      "broadcast": 0.041070077257166666,
      "row_peak": 0.044597021246674654,
      "top_binds": [
        [
          "_he",
          "_for",
          -0.062
        ],
        [
          "And",
          "_for",
          -0.06
        ],
        [
          "_for",
          "_he",
          -0.06
        ],
        [
          "_for",
          "And",
          -0.059
        ],
        [
          "_he",
          "And",
          -0.059
        ],
        [
          "First",
          "_for",
          -0.059
        ]
      ],
      "top_heads": [
        "1.1",
        "1.4",
        "2.11",
        "1.10",
        "1.3",
        "1.5"
      ],
      "layer_hist": {
        "1": 12,
        "2": 8,
        "7": 2,
        "9": 1
      }
    },
    {
      "id": 3,
      "shape": "DIFFUSE",
      "n_heads": 19,
      "diag_score": -0.051208782309235944,
      "broadcast": 0.04076136038081574,
      "row_peak": 0.1139614685466465,
      "top_binds": [
        [
          "_you",
          "_I",
          -0.108
        ],
        [
          "I",
          "MAR",
          0.104
        ],
        [
          "CI",
          "MAR",
          0.094
        ],
        [
          "_I",
          "_you",
          -0.092
        ],
        [
          "_a",
          "_the",
          -0.089
        ],
        [
          "US",
          "MAR",
          0.076
        ]
      ],
      "top_heads": [
        "4.5",
        "4.0",
        "5.6",
        "3.11",
        "3.8",
        "3.2"
      ],
      "layer_hist": {
        "2": 2,
        "3": 6,
        "4": 5,
        "5": 2,
        "6": 1,
        "7": 2,
        "9": 1
      }
    },
    {
      "id": 6,
      "shape": "DIFFUSE",
      "n_heads": 13,
      "diag_score": 0.0024595290790047093,
      "broadcast": 0.03229153629555832,
      "row_peak": 0.07567364450424396,
      "top_binds": [
        [
          "MAR",
          "IA",
          0.115
        ],
        [
          "?",
          "_for",
          -0.104
        ],
        [
          ".",
          "MAR",
          0.092
        ],
        [
          "?",
          "_he",
          -0.092
        ],
        [
          "?",
          "And",
          -0.091
        ],
        [
          "MAR",
          "First",
          0.089
        ]
      ],
      "top_heads": [
        "9.6",
        "10.1",
        "8.11",
        "3.6",
        "8.1",
        "9.1"
      ],
      "layer_hist": {
        "3": 2,
        "5": 2,
        "7": 2,
        "8": 2,
        "9": 2,
        "10": 3
      }
    },
    {
      "id": 7,
      "shape": "COPY",
      "n_heads": 12,
      "diag_score": 0.0663551439766193,
      "broadcast": 0.050028577197754755,
      "row_peak": 0.10819397320644271,
      "top_binds": [
        [
          "_the",
          "_a",
          0.11
        ],
        [
          "US",
          "I",
          0.098
        ],
        [
          "US",
          "CI",
          0.097
        ],
        [
          "_his",
          "_your",
          0.097
        ],
        [
          "_your",
          "_his",
          0.095
        ],
        [
          "_the",
          "_his",
          0.095
        ]
      ],
      "top_heads": [
        "0.10",
        "0.3",
        "0.4",
        "0.1",
        "0.5",
        "0.8"
      ],
      "layer_hist": {
        "0": 9,
        "4": 2,
        "5": 1
      }
    },
    {
      "id": 1,
      "shape": "DIFFUSE",
      "n_heads": 11,
      "diag_score": -0.0008890644593375283,
      "broadcast": 0.06553827132917345,
      "row_peak": 0.09869386812556528,
      "top_binds": [
        [
          "MAR",
          "CI",
          0.22
        ],
        [
          "CI",
          "US",
          0.198
        ],
        [
          "I",
          "US",
          0.19
        ],
        [
          "US",
          ":",
          0.16
        ],
        [
          "IA",
          ":",
          0.124
        ],
        [
          "MAR",
          "US",
          0.122
        ]
      ],
      "top_heads": [
        "5.1",
        "5.5",
        "5.8",
        "5.0",
        "6.9",
        "7.11"
      ],
      "layer_hist": {
        "2": 1,
        "5": 4,
        "6": 2,
        "7": 3,
        "8": 1
      }
    },
    {
      "id": 4,
      "shape": "DIFFUSE",
      "n_heads": 10,
      "diag_score": -0.007441115816136778,
      "broadcast": 0.07320666880557015,
      "row_peak": 0.09435220737553963,
      "top_binds": [
        [
          ".",
          "_of",
          -0.108
        ],
        [
          ".",
          ":",
          0.101
        ],
        [
          ".",
          "_a",
          -0.097
        ],
        [
          ".",
          "_the",
          -0.094
        ],
        [
          "_in",
          ":",
          -0.091
        ],
        [
          "US",
          ".",
          0.09
        ]
      ],
      "top_heads": [
        "4.2",
        "2.1",
        "5.3",
        "6.2",
        "0.0",
        "0.2"
      ],
      "layer_hist": {
        "0": 2,
        "2": 1,
        "3": 2,
        "4": 1,
        "5": 1,
        "6": 2,
        "7": 1
      }
    }
  ]
}