{
  "experiment": "minimum-to-run frontier \u2014 fidelity vs stored size under no-retrain low-rank weight factorization",
  "results": [
    {
      "model": "gpt2",
      "n_layers": 12,
      "full_nll": 4.442105804234663,
      "transformer_weight_params_M": 84.934656,
      "distill_steps": 12000,
      "curve": [
        {
          "rank": 64,
          "svd_nll_increase": 4.445829545214616,
          "svd_agreement": 0.03153439153439153,
          "distilled_nll_increase": 2.9243722799959873,
          "distilled_agreement": 0.30095238095238097,
          "distilled_per_domain": {
            "shakespeare": 0.2984126984126984,
            "code": 0.20317460317460317,
            "wiki": 0.15873015873015872,
            "austen": 0.7619047619047619,
            "shelley": 0.23809523809523808,
            "melville": 0.3238095238095238,
            "doyle": 0.19682539682539682,
            "dickens": 0.4603174603174603,
            "darwin": 0.21904761904761905,
            "stoker": 0.7301587301587301,
            "carroll": 0.26666666666666666,
            "grimm": 0.17777777777777778,
            "machiavelli": 0.12380952380952381,
            "twain": 0.23809523809523808,
            "kjv": 0.11746031746031746
          },
          "stored_params": 9437184,
          "compression_ratio": 0.1111111111111111,
          "params_saved_frac": 0.8888888888888888
        }
      ]
    }
  ]
}