{
  "experiment": "minimum-to-run frontier \u2014 fidelity vs stored size under no-retrain low-rank weight factorization",
  "results": [
    {
      "model": "gpt2",
      "n_layers": 12,
      "full_nll": 4.324738839017788,
      "transformer_weight_params_M": 84.934656,
      "distill_steps": 12000,
      "curve": [
        {
          "rank": 128,
          "svd_nll_increase": 5.060889242992041,
          "svd_agreement": 0.08142749434531289,
          "distilled_nll_increase": 3.746752976056629,
          "distilled_agreement": 0.20557929127921587,
          "distilled_per_domain": {
            "shakespeare": 0.291005291005291,
            "code": 0.10052910052910052,
            "wiki": 0.13227513227513227,
            "austen": 0.746031746031746,
            "shelley": 0.23809523809523808,
            "melville": 0.2328042328042328,
            "doyle": 0.12169312169312169,
            "dickens": 0.4444444444444444,
            "darwin": 0.15343915343915343,
            "stoker": 0.7671957671957672,
            "carroll": 0.20105820105820105,
            "grimm": 0.08994708994708994,
            "machiavelli": 0.08465608465608465,
            "twain": 0.20105820105820105,
            "kjv": 0.0582010582010582,
            "wiki_fr": 0.042328042328042326,
            "wiki_de": 0.09523809523809523,
            "wiki_es": 0.10052910052910052,
            "wiki_ru": 0.0,
            "wiki_it": 0.13756613756613756,
            "wiki_zh": 0.8,
            "wiki_ja": 0.047619047619047616
          },
          "stored_params": 18874368,
          "compression_ratio": 0.2222222222222222,
          "params_saved_frac": 0.7777777777777778
        }
      ]
    }
  ]
}