{
  "experiment": "minimum-to-run frontier \u2014 fidelity vs stored size under no-retrain low-rank weight factorization",
  "results": [
    {
      "model": "gpt2",
      "n_layers": 12,
      "full_nll": 5.227525975875766,
      "transformer_weight_params_M": 84.934656,
      "distill_steps": 5000,
      "curve": [
        {
          "rank": 64,
          "svd_nll_increase": 2.5128357873379112,
          "svd_agreement": 0.10714285714285714,
          "distilled_nll_increase": 0.6424541799470536,
          "distilled_agreement": 0.3783068783068783,
          "stored_params": 9437184,
          "compression_ratio": 0.1111111111111111,
          "params_saved_frac": 0.8888888888888888
        }
      ]
    }
  ]
}