{
  "experiment": "recursion depth limit \u2014 distance (interference-bounded) vs nesting (layer-bounded), and whether the nesting ceiling scales with layers",
  "results": [
    {
      "model": "gpt2",
      "n_layers": 12,
      "d_model": 768,
      "depths": [
        0,
        1,
        2,
        3,
        4,
        5
      ],
      "conditions": {
        "distance": {
          "by_depth": {
            "0": {
              "acc": 1.0,
              "logit_diff": 5.035983959833781,
              "n": 96
            },
            "1": {
              "acc": 1.0,
              "logit_diff": 2.742848383883635,
              "n": 96
            },
            "2": {
              "acc": 0.96875,
              "logit_diff": 2.3542779137690864,
              "n": 96
            },
            "3": {
              "acc": 1.0,
              "logit_diff": 1.9594734758138657,
              "n": 96
            },
            "4": {
              "acc": 0.90625,
              "logit_diff": 1.6143082169195015,
              "n": 96
            },
            "5": {
              "acc": 0.84375,
              "logit_diff": 1.2246818418304126,
              "n": 96
            }
          },
          "accuracy_curve": [
            1.0,
            1.0,
            0.96875,
            1.0,
            0.90625,
            0.84375
          ],
          "logit_diff_curve": [
            5.035983959833781,
            2.742848383883635,
            2.3542779137690864,
            1.9594734758138657,
            1.6143082169195015,
            1.2246818418304126
          ],
          "ceiling_depth": 5,
          "logit_cross0_depth": -1
        },
        "nesting": {
          "by_depth": {
            "0": {
              "acc": 1.0,
              "logit_diff": 5.035983959833781,
              "n": 96
            },
            "1": {
              "acc": 0.9375,
              "logit_diff": 2.341639194637537,
              "n": 96
            },
            "2": {
              "acc": 0.7708333333333334,
              "logit_diff": 1.082515873014927,
              "n": 96
            },
            "3": {
              "acc": 0.8020833333333334,
              "logit_diff": 1.1145752407610416,
              "n": 96
            },
            "4": {
              "acc": 0.7395833333333334,
              "logit_diff": 0.8942608870565891,
              "n": 96
            },
            "5": {
              "acc": 0.8020833333333334,
              "logit_diff": 0.9937843531370163,
              "n": 96
            }
          },
          "accuracy_curve": [
            1.0,
            0.9375,
            0.7708333333333334,
            0.8020833333333334,
            0.7395833333333334,
            0.8020833333333334
          ],
          "logit_diff_curve": [
            5.035983959833781,
            2.341639194637537,
            1.082515873014927,
            1.1145752407610416,
            0.8942608870565891,
            0.9937843531370163
          ],
          "ceiling_depth": 5,
          "logit_cross0_depth": -1
        }
      }
    },
    {
      "model": "gpt2-medium",
      "n_layers": 24,
      "d_model": 1024,
      "depths": [
        0,
        1,
        2,
        3,
        4,
        5
      ],
      "conditions": {
        "distance": {
          "by_depth": {
            "0": {
              "acc": 1.0,
              "logit_diff": 5.227982816596826,
              "n": 96
            },
            "1": {
              "acc": 1.0,
              "logit_diff": 3.2131534069776535,
              "n": 96
            },
            "2": {
              "acc": 1.0,
              "logit_diff": 2.732885872324308,
              "n": 96
            },
            "3": {
              "acc": 0.9375,
              "logit_diff": 2.025933717687925,
              "n": 96
            },
            "4": {
              "acc": 0.96875,
              "logit_diff": 1.4414553803702195,
              "n": 96
            },
            "5": {
              "acc": 0.9270833333333334,
              "logit_diff": 1.1873168870806694,
              "n": 96
            }
          },
          "accuracy_curve": [
            1.0,
            1.0,
            1.0,
            0.9375,
            0.96875,
            0.9270833333333334
          ],
          "logit_diff_curve": [
            5.227982816596826,
            3.2131534069776535,
            2.732885872324308,
            2.025933717687925,
            1.4414553803702195,
            1.1873168870806694
          ],
          "ceiling_depth": 5,
          "logit_cross0_depth": -1
        },
        "nesting": {
          "by_depth": {
            "0": {
              "acc": 1.0,
              "logit_diff": 5.227982816596826,
              "n": 96
            },
            "1": {
              "acc": 1.0,
              "logit_diff": 2.7414267423252263,
              "n": 96
            },
            "2": {
              "acc": 0.75,
              "logit_diff": 1.005102624495824,
              "n": 96
            },
            "3": {
              "acc": 0.7604166666666666,
              "logit_diff": 0.6122496897975603,
              "n": 96
            },
            "4": {
              "acc": 0.6666666666666666,
              "logit_diff": 0.37820618351300556,
              "n": 96
            },
            "5": {
              "acc": 0.6354166666666666,
              "logit_diff": 0.3449080710609754,
              "n": 96
            }
          },
          "accuracy_curve": [
            1.0,
            1.0,
            0.75,
            0.7604166666666666,
            0.6666666666666666,
            0.6354166666666666
          ],
          "logit_diff_curve": [
            5.227982816596826,
            2.7414267423252263,
            1.005102624495824,
            0.6122496897975603,
            0.37820618351300556,
            0.3449080710609754
          ],
          "ceiling_depth": 3,
          "logit_cross0_depth": -1
        }
      }
    },
    {
      "model": "gpt2-large",
      "n_layers": 36,
      "d_model": 1280,
      "depths": [
        0,
        1,
        2,
        3,
        4,
        5
      ],
      "conditions": {
        "distance": {
          "by_depth": {
            "0": {
              "acc": 1.0,
              "logit_diff": 4.918396567304929,
              "n": 96
            },
            "1": {
              "acc": 0.96875,
              "logit_diff": 3.148003468910853,
              "n": 96
            },
            "2": {
              "acc": 1.0,
              "logit_diff": 2.4126052682598433,
              "n": 96
            },
            "3": {
              "acc": 0.90625,
              "logit_diff": 1.6899535569051902,
              "n": 96
            },
            "4": {
              "acc": 0.875,
              "logit_diff": 1.0790967866778374,
              "n": 96
            },
            "5": {
              "acc": 0.75,
              "logit_diff": 0.8577777321139971,
              "n": 96
            }
          },
          "accuracy_curve": [
            1.0,
            0.96875,
            1.0,
            0.90625,
            0.875,
            0.75
          ],
          "logit_diff_curve": [
            4.918396567304929,
            3.148003468910853,
            2.4126052682598433,
            1.6899535569051902,
            1.0790967866778374,
            0.8577777321139971
          ],
          "ceiling_depth": 5,
          "logit_cross0_depth": -1
        },
        "nesting": {
          "by_depth": {
            "0": {
              "acc": 1.0,
              "logit_diff": 4.918396567304929,
              "n": 96
            },
            "1": {
              "acc": 1.0,
              "logit_diff": 2.784718537082275,
              "n": 96
            },
            "2": {
              "acc": 0.875,
              "logit_diff": 1.050989246616761,
              "n": 96
            },