{
  "op": "negative_mover",
  "spec": {
    "kind": "output",
    "primary": "ioi",
    "repeat": false,
    "desc": "copy-suppression / negative name-mover: writes against the copied token"
  },
  "model": "gpt2",
  "prev_token_head": "4.11",
  "A_identity": {
    "note": "circuit op \u2014 heads from literature (DLA-defined; not attention-mask-readable)",
    "op_heads": [
      "10.7",
      "11.10"
    ],
    "ranked": [
      {
        "head": "10.7",
        "signal": null,
        "depth": 0.9090909090909091
      },
      {
        "head": "11.10",
        "signal": null,
        "depth": 1.0
      }
    ]
  },
  "B_causal": {
    "tasks": [
      "generic",
      "induction",
      "copy_names",
      "successor",
      "ioi"
    ],
    "op_effects": {
      "generic": 0.0014422233248756727,
      "induction": -0.28215945677821197,
      "copy_names": -0.46457712669982293,
      "successor": -0.017246796949998745,
      "ioi": -0.5430114196203172
    },
    "random_mean": {
      "generic": -0.002226759557729152,
      "induction": 0.027307249269036486,
      "copy_names": 0.07901910225329875,
      "successor": 0.003655772604601379,
      "ioi": -0.03814361747258535
    },
    "threshold": {
      "generic": 0.05,
      "induction": 0.10447673443552796,
      "copy_names": 0.31603427200160084,
      "successor": 0.05,
      "ioi": 0.10684664040527281
    },
    "serves": [],
    "baselines": {
      "generic": 5.010904661479749,
      "induction": 0.6512455021026605,
      "copy_names": 0.3099959124226729,
      "successor": 5.392696031502315,
      "ioi": 2.699162401471819
    }
  },
  "C_channels": {
    "reader": "10.7",
    "note": ""
  },
  "D_composition": {
    "in_key": [
      [
        "3.0",
        0.05433309674591098
      ],
      [
        "1.9",
        0.05008683494962433
      ],
      [
        "1.6",
        0.049553396152895224
      ],
      [
        "5.11",
        0.049294151249692233
      ],
      [
        "0.1",
        0.0479115787650284
      ],
      [
        "6.2",
        0.046716965420712304
      ]
    ],
    "in_value": [
      [
        "0.1",
        0.05541229366292679
      ],
      [
        "0.5",
        0.04638090043596396
      ],
      [
        "0.3",
        0.04555204828762829
      ],
      [
        "0.4",
        0.042575508957178335
      ],
      [
        "3.0",
        0.03931938651833741
      ],
      [
        "0.10",
        0.03870739692363209
      ]
    ],
    "out_value": [
      [
        "11.3",
        0.044418261651286685
      ],
      [
        "11.10",
        0.04359127381014798
      ],
      [
        "11.8",
        0.03249198107607883
      ],
      [
        "11.11",
        0.031585728299567926
      ],
      [
        "11.0",
        0.028058184352111947
      ],
      [
        "11.4",
        0.024983175960237122
      ]
    ],
    "out_key": [
      [
        "11.8",
        0.04484772219416908
      ],
      [
        "11.3",
        0.03213664273515693
      ],
      [
        "11.0",
        0.03137204203009632
      ],
      [
        "11.11",
        0.03080244909270028
      ],
      [
        "11.1",
        0.02966301710642039
      ],
      [
        "11.5",
        0.029482505024305772
      ]
    ]
  },
  "E_redundancy": {
    "primary_task": "ioi",
    "full_op_effect": -0.5430114196203172,
    "max_single_head_effect": -0.15910681404259522,
    "population_gap": -0.383904605577722,
    "bottleneck": false,
    "solo": [
      [
        "11.10",
        -0.15910681404259522
      ],
      [
        "10.7",
        -0.21274641144848475
      ]
    ],
    "cumulative_curve": [
      {
        "after": "11.10",
        "n": 1,
        "effect": -0.15910681404259522
      },
      {
        "after": "10.7",
        "n": 2,
        "effect": -0.5430114196203172
      }
    ],
    "leave_one_out": [
      {
        "head": "10.7",
        "marginal": -0.383904605577722
      },
      {
        "head": "11.10",
        "marginal": -0.33026500817183246
      }
    ]
  },
  "G_sae_operands": "NOT RUN \u2014 needs a SAE (sae_lens / Gemma Scope); the op's feature-space read/write operands are the next layer."
}