{
  "model": "tiny-gpt (n_embd 128, 4 layers)",
  "d_model": 128,
  "sae_width": 512,
  "over_complete": 4.0,
  "n_samples": 12000,
  "host": {
    "all": {
      "cov95": 0.6538461538461539,
      "mauc": 0.9301270267386331
    },
    "lexical": {
      "n": 9,
      "cov95": 0.1111111111111111,
      "mauc": 0.8188318367619938
    },
    "token": {
      "n": 17,
      "cov95": 0.9411764705882353,
      "mauc": 0.9890480096674419
    }
  },
  "forged": {
    "all": {
      "cov95": 0.11538461538461539,
      "mauc": 0.8490322626180885
    },
    "lexical": {
      "n": 9,
      "cov95": 0.0,
      "mauc": 0.7231229619142711
    },
    "token": {
      "n": 17,
      "cov95": 0.17647058823529413,
      "mauc": 0.9156901276965802
    }
  },
  "tax_cov95": {
    "all": 0.538,
    "lexical": 0.111,
    "token": 0.765
  }
}