{
  "model": "tiny-gpt (n_embd 128, 4 layers)",
  "d_model": 128,
  "sae_width": 128,
  "over_complete": 1.0,
  "n_samples": 12000,
  "host": {
    "all": {
      "cov95": 0.6153846153846154,
      "mauc": 0.9204228936639768
    },
    "lexical": {
      "n": 9,
      "cov95": 0.1111111111111111,
      "mauc": 0.8155118396623382
    },
    "token": {
      "n": 17,
      "cov95": 0.8823529411764706,
      "mauc": 0.9759640399001384
    }
  },
  "forged": {
    "all": {
      "cov95": 0.0,
      "mauc": 0.6144611053578795
    },
    "lexical": {
      "n": 9,
      "cov95": 0.0,
      "mauc": 0.5403442817213641
    },
    "token": {
      "n": 17,
      "cov95": 0.0,
      "mauc": 0.6536994237536817
    }
  },
  "tax_cov95": {
    "all": 0.615,
    "lexical": 0.111,
    "token": 0.882
  }
}