{
  "model": "tiny-gpt (n_embd 128, 4 layers)",
  "d_model": 128,
  "sae_width": 1024,
  "over_complete": 8.0,
  "n_samples": 12000,
  "host": {
    "all": {
      "cov95": 0.6923076923076923,
      "mauc": 0.9251808506392228
    },
    "lexical": {
      "n": 9,
      "cov95": 0.1111111111111111,
      "mauc": 0.7954343173607387
    },
    "token": {
      "n": 17,
      "cov95": 1.0,
      "mauc": 0.9938701917866557
    }
  },
  "forged": {
    "all": {
      "cov95": 0.038461538461538464,
      "mauc": 0.8559987927791545
    },
    "lexical": {
      "n": 9,
      "cov95": 0.0,
      "mauc": 0.7672529418969214
    },
    "token": {
      "n": 17,
      "cov95": 0.058823529411764705,
      "mauc": 0.9029818903050426
    }
  },
  "tax_cov95": {
    "all": 0.654,
    "lexical": 0.111,
    "token": 0.941
  }
}