{
  "experiment": "portable disassembly (behavioral + coverage)",
  "model": "unsloth/Llama-3.2-1B",
  "corpus": "shakespeare",
  "n_layers": 16,
  "n_heads": 32,
  "idioms": {
    "prev_token": [
      [
        "0.2",
        0.6802863785568785
      ],
      [
        "8.26",
        0.48005448814110663
      ],
      [
        "9.28",
        0.42273263801162203
      ],
      [
        "11.11",
        0.3924289605062137
      ],
      [
        "4.12",
        0.38063699299184406
      ],
      [
        "0.1",
        0.372290531272175
      ]
    ],
    "duplicate_token": [
      [
        "0.9",
        0.34154379817387787
      ],
      [
        "1.22",
        0.3177764255632224
      ],
      [
        "1.23",
        0.29123728033074014
      ],
      [
        "4.16",
        0.2441370791588256
      ],
      [
        "6.8",
        0.22411612555052518
      ],
      [
        "12.0",
        0.21389772476827112
      ]
    ],
    "induction": [
      [
        "2.26",
        0.2733319665282826
      ],
      [
        "5.10",
        0.17023993630813625
      ],
      [
        "5.8",
        0.12378298421248168
      ],
      [
        "10.23",
        0.11198842481182456
      ],
      [
        "10.21",
        0.10124221279935822
      ],
      [
        "12.13",
        0.09708416316435298
      ]
    ]
  },
  "attention_budget": {
    "self": 0.08038323529702118,
    "sink": 0.5499895819529972,
    "prev": 0.056122087941666364,
    "structural": 0.1161872251376985,
    "local": 0.0917494386363829,
    "long_range": 0.10556843134869881
  },
  "plumbing": 0.8944315689657661
}