{
  "experiment": "portable disassembly (behavioral + coverage)",
  "model": "Qwen/Qwen2.5-1.5B",
  "corpus": "shakespeare",
  "n_layers": 28,
  "n_heads": 12,
  "idioms": {
    "prev_token": [
      [
        "13.4",
        0.7789174022549268
      ],
      [
        "1.4",
        0.7261161630716271
      ],
      [
        "0.8",
        0.7222581490414982
      ],
      [
        "7.8",
        0.6456042786569773
      ],
      [
        "18.8",
        0.6353961468465765
      ],
      [
        "22.2",
        0.42420161451095884
      ]
    ],
    "duplicate_token": [
      [
        "8.3",
        0.3100349656799004
      ],
      [
        "5.11",
        0.28627000068783065
      ],
      [
        "6.6",
        0.2845216842704618
      ],
      [
        "8.4",
        0.2685277697771672
      ],
      [
        "0.9",
        0.2567156991721085
      ],
      [
        "1.7",
        0.24004225648924588
      ]
    ],
    "induction": [
      [
        "2.3",
        0.39399109835135093
      ],
      [
        "14.3",
        0.35649903433727376
      ],
      [
        "19.3",
        0.21288174837847204
      ],
      [
        "14.0",
        0.19536578355687012
      ],
      [
        "14.1",
        0.15468968567457944
      ],
      [
        "19.2",
        0.1302495616645331
      ]
    ]
  },
  "attention_budget": {
    "self": 0.10376286249237547,
    "sink": 0.44399933945383824,
    "prev": 0.07589865649673179,
    "structural": 0.11833369381311613,
    "local": 0.12393378960249854,
    "long_range": 0.13407165782099184
  },
  "plumbing": 0.8659283418585602
}