{
  "experiment": "portable disassembly (behavioral + coverage)",
  "model": "gpt2",
  "corpus": "shakespeare",
  "n_layers": 12,
  "n_heads": 12,
  "idioms": {
    "prev_token": [
      [
        "4.11",
        0.9618093372696435
      ],
      [
        "2.2",
        0.5387650310380784
      ],
      [
        "3.2",
        0.37698882746941437
      ],
      [
        "3.7",
        0.36136644738319246
      ],
      [
        "2.9",
        0.32409613964150846
      ],
      [
        "1.0",
        0.3224919566366033
      ]
    ],
    "duplicate_token": [
      [
        "0.5",
        0.4946704170244811
      ],
      [
        "0.1",
        0.4032330165935798
      ],
      [
        "1.5",
        0.3002786908046674
      ],
      [
        "3.0",
        0.2591541239829886
      ],
      [
        "1.11",
        0.1706410207296702
      ],
      [
        "9.5",
        0.10675830760700276
      ]
    ],
    "induction": [
      [
        "7.11",
        0.29496692753304155
      ],
      [
        "5.0",
        0.218042237773926
      ],
      [
        "5.5",
        0.14219072034331842
      ],
      [
        "6.9",
        0.11436144456444468
      ],
      [
        "0.0",
        0.09822517767463028
      ],
      [
        "11.0",
        0.07861911176383211
      ]
    ]
  },
  "attention_budget": {
    "self": 0.0839167243449295,
    "sink": 0.45618610065930887,
    "prev": 0.08516250270077173,
    "structural": 0.11816306962487705,
    "local": 0.12397104676046819,
    "long_range": 0.13260055648125552
  },
  "plumbing": 0.8673994440903553,
  "gpt2_literature_check": {
    "prev_token": [
      "4.11"
    ],
    "induction": [
      "5.0",
      "5.5",
      "6.9",
      "7.11"
    ],
    "duplicate_token": [
      "0.1",
      "0.5",
      "1.5",
      "3.0"
    ]
  }
}