{
  "experiment": "portable disassembly (behavioral + coverage)",
  "model": "google/gemma-2-2b",
  "corpus": "shakespeare",
  "n_layers": 26,
  "n_heads": 8,
  "idioms": {
    "prev_token": [
      [
        "21.7",
        0.8409550963166808
      ],
      [
        "0.0",
        0.8130709707080863
      ],
      [
        "21.6",
        0.7768418249894158
      ],
      [
        "20.1",
        0.7469197660053715
      ],
      [
        "5.0",
        0.7416698639923793
      ],
      [
        "3.7",
        0.655258811802101
      ]
    ],
    "duplicate_token": [
      [
        "1.4",
        0.5333882474404739
      ],
      [
        "3.2",
        0.28733798977262154
      ],
      [
        "0.6",
        0.23244235558482151
      ],
      [
        "8.1",
        0.2049923097630128
      ],
      [
        "0.1",
        0.19336877921070778
      ],
      [
        "5.2",
        0.1505135448553194
      ]
    ],
    "induction": [
      [
        "4.4",
        0.4535829390656087
      ],
      [
        "6.2",
        0.40450917491631055
      ],
      [
        "6.1",
        0.2981167606977308
      ],
      [
        "22.3",
        0.28714701574336754
      ],
      [
        "6.4",
        0.2827572386644699
      ],
      [
        "14.0",
        0.2768255309055814
      ]
    ]
  },
  "attention_budget": {
    "self": 0.3098203473511313,
    "sink": 0.0386419267718564,
    "prev": 0.17502594922127018,
    "structural": 0.14173421901742012,
    "local": 0.21195998629284835,
    "long_range": 0.12281757234200523
  },
  "plumbing": 0.8771824286545263
}