{
  "experiment": "multilingual ops: google/gemma-2-2b",
  "model": "google/gemma-2-2b",
  "langs": [
    "en",
    "fr",
    "de",
    "zh",
    "ru",
    "ar"
  ],
  "budgets": {
    "en": {
      "self": 0.31891399417559474,
      "sink": 0.022418924106520934,
      "prev": 0.18278538113528298,
      "structural": 0.06784129250049292,
      "local": 0.259500988218961,
      "long_range": 0.14853941988039981
    },
    "fr": {
      "self": 0.3226719782646456,
      "sink": 0.02320947490055464,
      "prev": 0.18567565299533287,
      "structural": 0.08641403456004511,
      "local": 0.24305642876177125,
      "long_range": 0.13897243056949302
    },
    "de": {
      "self": 0.3257866735502899,
      "sink": 0.0219525472756927,
      "prev": 0.1844886425751389,
      "structural": 0.08710038616834373,
      "local": 0.23675915477943504,
      "long_range": 0.14391259539422357
    },
    "zh": {
      "self": 0.3372556655947373,
      "sink": 0.0216053147278184,
      "prev": 0.19168280393471276,
      "structural": 0.09611337075583044,
      "local": 0.22471813481320632,
      "long_range": 0.12862471010862964
    },
    "ru": {
      "self": 0.31611516332131206,
      "sink": 0.02195615155082067,
      "prev": 0.18445800053357847,
      "structural": 0.08575910978952675,
      "local": 0.2454678299366206,
      "long_range": 0.1462437448891355
    },
    "ar": {
      "self": 0.3227610988599277,
      "sink": 0.02419252505643006,
      "prev": 0.18788488040509602,
      "structural": 0.06599064707631772,
      "local": 0.24659550771922514,
      "long_range": 0.15257534136366355
    }
  },
  "n_tokens": {
    "en": 6000,
    "fr": 6000,
    "de": 6000,
    "zh": 6000,
    "ru": 6000,
    "ar": 6000
  },
  "top_induction_heads": {
    "en": [
      "6.2",
      "22.3",
      "4.4",
      "22.4",
      "22.2",
      "6.1"
    ],
    "fr": [
      "22.3",
      "6.2",
      "22.4",
      "22.2",
      "4.4",
      "6.3"
    ],
    "de": [
      "6.2",
      "22.3",
      "4.4",
      "6.3",
      "22.2",
      "22.4"
    ],
    "zh": [
      "6.2",
      "6.3",
      "4.4",
      "22.3",
      "22.2",
      "22.4"
    ],
    "ru": [
      "22.3",
      "6.2",
      "22.4",
      "4.4",
      "22.2",
      "22.7"
    ],
    "ar": [
      "6.2",
      "22.3",
      "6.3",
      "22.2",
      "22.4",
      "4.4"
    ]
  },
  "invariance": {
    "ind": {
      "pairwise_spearman": {
        "en-fr": 0.9570644839523558,
        "en-de": 0.9299712491932172,
        "en-zh": 0.9070626170168504,
        "en-ru": 0.762901857867533,
        "en-ar": 0.9253265803609053,
        "fr-de": 0.9339131501602898,
        "fr-zh": 0.917358766329018,
        "fr-ru": 0.8269897531911262,
        "fr-ar": 0.9184882623097727,
        "de-zh": 0.9034287604081654,
        "de-ru": 0.7380289428344349,
        "de-ar": 0.9414515690259397,
        "zh-ru": 0.8019568151147098,
        "zh-ar": 0.9122153590116977,
        "ru-ar": 0.7552354205672284
      },
      "mean_spearman": 0.8754262391562162,
      "top6_overlap_vs_en": {
        "fr": 0.8333333333333334,
        "de": 0.8333333333333334,
        "zh": 0.8333333333333334,
        "ru": 0.8333333333333334,
        "ar": 0.8333333333333334
      }
    },
    "prev": {
      "pairwise_spearman": {
        "en-fr": 0.9889517423842367,
        "en-de": 0.9860273212675958,
        "en-zh": 0.9773740752001622,
        "en-ru": 0.960046246659519,
        "en-ar": 0.9612557541619327,
        "fr-de": 0.9933457084486833,
        "fr-zh": 0.9867340897089181,
        "fr-ru": 0.9803251668240227,
        "fr-ar": 0.9816680268625348,
        "de-zh": 0.9894998213076016,
        "de-ru": 0.9817680412646088,
        "de-ar": 0.982017410507113,
        "zh-ru": 0.9732588159361615,
        "zh-ar": 0.9846404548921711,
        "ru-ar": 0.9868967798029583
      },
      "mean_spearman": 0.9809206303485478,
      "top6_overlap_vs_en": {
        "fr": 0.8333333333333334,
        "de": 1.0,
        "zh": 1.0,
        "ru": 1.0,
        "ar": 1.0
      }
    },
    "dup": {
      "pairwise_spearman": {
        "en-fr": 0.9629266614392472,
        "en-de": 0.6272849957060483,
        "en-zh": 0.9389898812095608,
        "en-ru": 0.8947595120363999,
        "en-ar": 0.8615987368847781,
        "fr-de": 0.6738850394456801,
        "fr-zh": 0.9701463677436217,
        "fr-ru": 0.9180655347703403,
        "fr-ar": 0.865776671840745,
        "de-zh": 0.6662906125148688,
        "de-ru": 0.7291436633541897,
        "de-ar": 0.7128159788342855,
        "zh-ru": 0.9165666522645928,
        "zh-ar": 0.9025739706517738,
        "ru-ar": 0.8547710870365333
      },
      "mean_spearman": 0.8330396910488445,
      "top6_overlap_vs_en": {
        "fr": 0.6666666666666666,
        "de": 0.8333333333333334,
        "zh": 0.8333333333333334,
        "ru": 0.6666666666666666,
        "ar": 0.8333333333333334
      }
    }
  }
}