{
  "experiment": "multilingual ops: Qwen/Qwen2.5-1.5B",
  "model": "Qwen/Qwen2.5-1.5B",
  "langs": [
    "en",
    "fr",
    "de",
    "zh",
    "ru",
    "ar"
  ],
  "budgets": {
    "en": {
      "self": 0.1127066905110218,
      "sink": 0.4752725138462823,
      "prev": 0.07567195414620716,
      "structural": 0.057913202019100454,
      "local": 0.14582398830920537,
      "long_range": 0.13261165138812928
    },
    "fr": {
      "self": 0.10938327335560552,
      "sink": 0.513375332356484,
      "prev": 0.07135733359971894,
      "structural": 0.06728332393018284,
      "local": 0.12568543429565474,
      "long_range": 0.1129153028005419
    },
    "de": {
      "self": 0.11390050916119449,
      "sink": 0.48248809565239015,
      "prev": 0.07419920296547533,
      "structural": 0.06161304002076192,
      "local": 0.13155722848258702,
      "long_range": 0.13624192380059277
    },
    "zh": {
      "self": 0.1127847189527327,
      "sink": 0.47491824752717365,
      "prev": 0.07575255059096124,
      "structural": 0.025416603760174523,
      "local": 0.15868777280396454,
      "long_range": 0.15244010694835863
    },
    "ru": {
      "self": 0.10666679195819147,
      "sink": 0.5066197774343515,
      "prev": 0.0705457401559554,
      "structural": 0.058055494489825055,
      "local": 0.1299363041485591,
      "long_range": 0.12817589253248576
    },
    "ar": {
      "self": 0.10961562595696284,
      "sink": 0.48952281792807545,
      "prev": 0.0739375071804697,
      "structural": 0.03440931059344518,
      "local": 0.1426260918991339,
      "long_range": 0.14988864678594543
    }
  },
  "n_tokens": {
    "en": 6000,
    "fr": 6000,
    "de": 6000,
    "zh": 6000,
    "ru": 6000,
    "ar": 6000
  },
  "top_induction_heads": {
    "en": [
      "2.3",
      "14.3",
      "14.0",
      "19.3",
      "14.1",
      "19.2"
    ],
    "fr": [
      "14.3",
      "2.3",
      "19.3",
      "14.0",
      "14.1",
      "14.4"
    ],
    "de": [
      "14.3",
      "2.3",
      "14.0",
      "19.3",
      "14.4",
      "14.1"
    ],
    "zh": [
      "14.3",
      "2.3",
      "14.0",
      "19.3",
      "14.1",
      "23.2"
    ],
    "ru": [
      "14.3",
      "2.3",
      "19.3",
      "14.0",
      "14.4",
      "14.1"
    ],
    "ar": [
      "14.3",
      "2.3",
      "19.3",
      "14.0",
      "14.4",
      "14.1"
    ]
  },
  "invariance": {
    "ind": {
      "pairwise_spearman": {
        "en-fr": 0.8582880426186152,
        "en-de": 0.7613344890637951,
        "en-zh": 0.799401466596648,
        "en-ru": 0.747594794151329,
        "en-ar": 0.7062535984764604,
        "fr-de": 0.9064402447280343,
        "fr-zh": 0.865659936856624,
        "fr-ru": 0.902550093955825,
        "fr-ar": 0.8155789513644157,
        "de-zh": 0.8387104325764142,
        "de-ru": 0.892309225386421,
        "de-ar": 0.7969728508791355,
        "zh-ru": 0.8521394722023625,
        "zh-ar": 0.8568201805723397,
        "ru-ar": 0.7956558875820137
      },
      "mean_spearman": 0.8263806444673623,
      "top6_overlap_vs_en": {
        "fr": 0.8333333333333334,
        "de": 0.8333333333333334,
        "zh": 0.8333333333333334,
        "ru": 0.8333333333333334,
        "ar": 0.8333333333333334
      }
    },
    "prev": {
      "pairwise_spearman": {
        "en-fr": 0.9775027996937736,
        "en-de": 0.9725218755733837,
        "en-zh": 0.980974419973047,
        "en-ru": 0.9650465350230619,
        "en-ar": 0.9664286663334452,
        "fr-de": 0.9921947068388453,
        "fr-zh": 0.9812502768058816,
        "fr-ru": 0.9887237192587297,
        "fr-ar": 0.9902368192947936,
        "de-zh": 0.9855016987972389,
        "de-ru": 0.9907173543052015,
        "de-ar": 0.98799927872296,
        "zh-ru": 0.9718686136928751,
        "zh-ar": 0.975740732539085,
        "ru-ar": 0.9873270358677153
      },
      "mean_spearman": 0.9809356355146691,
      "top6_overlap_vs_en": {
        "fr": 0.8333333333333334,
        "de": 0.8333333333333334,
        "zh": 0.8333333333333334,
        "ru": 0.8333333333333334,
        "ar": 0.8333333333333334
      }
    },
    "dup": {
      "pairwise_spearman": {
        "en-fr": 0.8993220628523343,
        "en-de": 0.7703602589004954,
        "en-zh": 0.8139054620918299,
        "en-ru": 0.8859180148431223,
        "en-ar": 0.6953730710584424,
        "fr-de": 0.8094474638254257,
        "fr-zh": 0.824290269719651,
        "fr-ru": 0.8801696266442269,
        "fr-ar": 0.670542792607543,
        "de-zh": 0.6692176042213688,
        "de-ru": 0.8165052229315483,
        "de-ar": 0.5082772867329314,
        "zh-ru": 0.8255101136960387,
        "zh-ar": 0.8102177750501414,
        "ru-ar": 0.7225272535162256
      },
      "mean_spearman": 0.7734389519127551,
      "top6_overlap_vs_en": {
        "fr": 0.8333333333333334,
        "de": 0.8333333333333334,
        "zh": 0.8333333333333334,
        "ru": 0.8333333333333334,
        "ar": 0.8333333333333334
      }
    }
  }
}