{
  "experiment": "sink ablation (block key-0): google/gemma-2-2b",
  "model": "google/gemma-2-2b",
  "corpus": "shakespeare",
  "n_chunks": 42,
  "ctx": 96,
  "baseline_nll": 7.421536039038907,
  "ablated_nll": 7.599430727165587,
  "delta_nll": 0.1778946881266803,
  "delta_nll_frac_of_baseline": 0.023970063230969334,
  "sink_frac_baseline": 0.02075085786810165,
  "sink_frac_ablated": 0.0,
  "intervention_ok": true,
  "delta_nll_early_pos1_8": 0.5139578091690229,
  "delta_nll_late_pos32plus": 0.15332521749584438,
  "delta_nll_by_position": [
    0.0,
    -0.8117245946611664,
    1.55752048038301,
    0.886930550847735,
    0.7415768195475838,
    0.4849204676491876,
    0.9549734138307109,
    0.14081926581760307,
    0.15664606993751917,
    0.39547323683897595,
    0.5392204957703743,
    0.12001521601563425,
    -0.14735960960388184,
    -0.0060709074494376125,
    0.3295512616723073,
    0.35140184419495757,
    0.583536250182771,
    -0.1434939784840461,
    -0.0842178753615972,
    0.36849547035637364,
    0.1591299589192552,
    -0.16264347732067108,
    -0.29690332107600703,
    -0.23644782407652798,
    0.2629258465576214,
    -0.3843980861739036,
    0.18832777640117104,
    0.14751765390281601,
    0.2847287325490644,
    0.09304875709737281,
    0.4344557782723797,
    0.29222264398066766,
    -0.324477576462197,
    -0.241171153561611,
    0.1563265894850101,
    -0.1556150594371415,
    0.3862313137921909,
    0.23015736632182104,
    -0.021963553880119946,
    0.18679937512968614,
    0.42175827281815703,
    0.2069511622013076,
    0.13614077757423093,
    0.3848650487405907,
    0.07172463355319803,
    0.25265620790776744,
    0.3477053009417084,
    0.42057210211420326,
    -0.1207644444047693,
    -0.024831155958097817,
    0.3133559904471479,
    0.12382076994427216,
    0.3329550539631221,
    0.26395271620934935,
    0.008083641883873227,
    0.2739325043346206,
    0.5204210582943194,
    0.2921299511189792,
    0.05514057486185031,
    0.06229379923925471,
    0.5307112209764977,
    0.4674806444063071,
    0.10330638732938535,
    0.14883472064010217,
    -0.1406098269380447,
    0.25745082483059,
    -0.13918402990916867,
    0.14982807414787924,
    0.09885676470925908,
    0.0167127841197674,
    0.17526072961073869,
    0.11810134198777789,
    0.07601311565490398,
    0.1088281282927932,
    0.3474949073591622,
    0.16843231949137483,
    0.3222963415631437,
    0.2109958454966545,
    0.06301119683946421,
    0.04510933912086568,
    0.21601804139138014,
    0.21905077003487694,
    0.1275358753869451,
    0.03419769666634753,
    -0.005607248360586681,
    0.22701932712480755,
    0.17623936920994598,
    -0.01715641196181128,
    0.0975670399166999,
    -0.014677636904596447,
    0.14150590295108323,
    0.40970947429901194,
    -0.03825490049472613,
    0.2399668295118147,
    0.15829247656482703
  ],
  "baseline_nll_by_position": [
    13.265773478008452,
    12.038286072867256,
    11.032400290171305,
    11.509669803437733,
    9.548381206889948,
    9.653155162220909,
    9.460272902534122,
    9.521146779968625,
    9.773945439518208,
    8.781877838429951,
    9.723786772007035,
    8.124118412534395,
    8.069269799050831,
    8.030187681849513,
    8.014894963197765,
    7.913148655777886,
    7.480436559097143,
    8.032734621227497,
    8.612839227788971,
    8.278902466808047,
    8.53233652166576,
    9.047427190201622,
    8.167970606613727,
    8.342364787523236,
    8.567281436563158,
    8.140159877992811,
    7.357463194633878,
    7.966926931015526,
    6.155641755915158,
    6.314622862153643,
    8.31656122908351,
    6.5754098784888075,
    7.744480802234085,
    8.56279959428745,
    8.201679724312964,
    7.865599827973971,
    6.49608014363219,
    5.882078196886661,
    8.083075946130391,
    6.9644018031457176,
    7.158017655213674,
    7.322040704478111,
    6.3801908588391685,
    7.901992731505916,
    7.750131583961082,
    6.157799179000514,
    6.725328743191702,
    6.305369909320559,
    6.617184889148033,
    6.452654658384355,
    5.786420309966031,
    6.153159878438427,
    7.798031840384716,
    7.3404346613124725,
    6.530696829337449,
    7.120642072565499,
    6.580302894825027,
    6.774365233889382,
    6.709500295065698,
    6.608061204664409,
    6.377232109506925,
    6.943364975707872,
    7.388542178840864,
    6.894672478094879,
    7.201699701364992,
    6.982222821472622,
    6.5689821521319995,
    5.445031475798205,
    6.448022787368334,
    6.782362891997143,
    6.697558647157942,
    7.561668694306097,
    7.12496954735323,
    5.9910626364190405,
    7.688684617555359,
    6.711555250352475,
    6.146670517716102,
    6.085586526567434,
    7.423916727031877,
    7.50192271264429,
    6.085603844169982,
    5.82446442626235,
    6.188452578399603,
    6.6674717676984825,
    6.504941601408419,
    6.726881737411931,
    5.942836109276225,
    5.380333856293341,
    7.529140013815245,
    5.119279889253582,
    5.782456996600803,
    6.313245568242742,
    4.921963333356671,
    5.872905063874474,
    7.179415886597027
  ],
  "ablated_nll_by_position": [
    13.265773478008452,
    11.22656147820609,
    12.589920770554315,
    12.396600354285468,
    10.289958026437532,
    10.138075629870096,
    10.415246316364833,
    9.661966045786228,
    9.930591509455727,
    9.177351075268927,
    10.26300726777741,
    8.24413362855003,
    7.921910189446949,
    8.024116774400076,
    8.344446224870072,
    8.264550499972843,
    8.063972809279914,
    7.889240642743451,
    8.528621352427374,
    8.64739793716442,
    8.691466480585015,
    8.884783712880951,
    7.87106728553772,
    8.105916963446708,
    8.83020728312078,
    7.755761791818908,
    7.545790971035049,
    8.114444584918342,
    6.4403704884642226,
    6.4076716192510155,
    8.75101700735589,
    6.867632522469475,
    7.420003225771888,
    8.321628440725839,
    8.358006313797974,
    7.709984768536829,
    6.882311457424381,
    6.112235563208482,
    8.061112392250271,
    7.151201178275404,
    7.579775928031831,
    7.528991866679418,
    6.516331636413399,
    8.286857780246507,
    7.82185621751428,
    6.410455386908281,
    7.0730340441334105,
    6.725942011434762,
    6.496420444743264,
    6.427823502426257,
    6.099776300413179,
    6.2769806483826995,
    8.130986894347839,
    7.604387377521822,
    6.538780471221322,
    7.394574576900119,
    7.1007239531193465,
    7.066495185008361,
    6.764640869927549,
    6.670355003903664,
    6.907943330483422,
    7.410845620114179,
    7.491848566170249,
    7.043507198734981,
    7.061089874426948,
    7.239673646303212,
    6.429798122222831,
    5.594859549946084,
    6.546879552077593,
    6.79907567611691,
    6.872819376768681,
    7.679770036293875,
    7.200982663008134,
    6.099890764711834,
    8.036179524914521,
    6.87998756984385,
    6.468966859279246,
    6.296582372064089,
    7.486927923871341,
    7.5470320517651555,
    6.301621885561362,
    6.043515196297227,
    6.315988453786548,
    6.70166946436483,
    6.499334353047832,
    6.953901064536739,
    6.119075478486171,
    5.36317744433153,
    7.626707053731945,
    5.104602252348985,
    5.923962899551886,
    6.722955042541754,
    4.883708432861945,
    6.112871893386289,
    7.337708363161854
  ]
}