{
  "experiment": "sink ablation (block key-0): unsloth/Llama-3.2-1B",
  "model": "unsloth/Llama-3.2-1B",
  "corpus": "shakespeare",
  "n_chunks": 42,
  "ctx": 96,
  "baseline_nll": 4.1336086354491846,
  "ablated_nll": 4.1729415887948935,
  "delta_nll": 0.039332953345708965,
  "delta_nll_frac_of_baseline": 0.009515403322993783,
  "sink_frac_baseline": 0.5500290091651807,
  "sink_frac_ablated": 0.0,
  "intervention_ok": true,
  "delta_nll_early_pos1_8": 0.3444451101961369,
  "delta_nll_late_pos32plus": 0.0023811528030424993,
  "delta_nll_by_position": [
    0.0,
    1.2959576703253255,
    0.28461145999885673,
    0.07043941957609956,
    0.1506916859320233,
    0.21570239322526152,
    0.2956309087929272,
    0.2786764581909491,
    0.16385088552765215,
    0.1432993562803384,
    0.12632920273712678,
    0.12643627990924244,
    0.03431739977427917,
    -0.008747354859397483,
    0.025807212794288326,
    -0.011290531605482101,
    -0.08765059443456735,
    -0.03868772949846022,
    -0.06645577023958849,
    0.1603547661520892,
    0.0714521947194866,
    0.058540046924636435,
    0.07622212876698775,
    0.043871410457151594,
    0.0885644795129168,
    0.034049870213493705,
    -0.03417243897205324,
    -0.064886524563744,
    0.06915217431794307,
    -0.008547505452519921,
    0.008364522164421295,
    0.05913802742101559,
    -0.049135391733476474,
    -0.007087041180403375,
    -0.0030165894311808827,
    0.005440081626320925,
    0.06583526921236826,
    -0.012869566839851743,
    -0.013668245458531736,
    0.003416475074898173,
    -0.010672308859371427,
    -0.01817900786686355,
    -0.001311819556923055,
    0.058118188265888104,
    0.010591448861218655,
    0.013475862730826904,
    -0.02121963173461472,
    0.048190901355285476,
    -0.08687094908236759,
    -0.001809235952567434,
    0.028589076587758555,
    -0.004710150128674151,
    0.03913712352403387,
    -0.03846897876688349,
    0.01623754770982888,
    -0.0027302482298443564,
    0.016667821222827506,
    0.011939836549572647,
    -0.0022506682047001014,
    -0.06418416577036545,
    -0.023836330288932395,
    0.029256239560795816,
    -0.018467062863886774,
    0.009764749011615503,
    -0.04401311383400941,
    0.03247500458595942,
    -0.04969788666618635,
    -0.0032713543169382575,
    -0.02274757905340774,
    0.02513944249168576,
    0.012522061109094373,
    0.02077765383675345,
    0.022615376871260917,
    0.023928647111283396,
    -0.026839043872669333,
    0.014557381557363414,
    0.01873202944492469,
    0.0067936439157985085,
    0.00047448786293591283,
    -0.012867668575448299,
    -0.008413827455625356,
    0.1286497942921594,
    -0.005692762916158056,
    -0.0016934595130404517,
    0.011704219013265238,
    0.001664656691434896,
    -0.007543281992760775,
    0.01790622603602543,
    0.000371744038491606,
    -0.026371036387877744,
    0.008573702438564368,
    -0.01507602639996053,
    0.0043997123564887275,
    0.030422642287548207,
    0.016358012290921486
  ],
  "baseline_nll_by_position": [
    7.161121402468,
    7.185769021511078,
    5.947745972446033,
    6.555041608356294,
    5.776907444709823,
    5.371844833805447,
    5.028605446929023,
    5.281003252558765,
    4.990093913594527,
    5.300693142094782,
    5.794618950713248,
    4.695544200106745,
    4.2963594524633315,
    4.09857044617335,
    5.325644783320881,
    4.722246389303889,
    4.945562478687082,
    4.5266739913218075,
    3.7796373849601617,
    3.943633794074967,
    4.299242096626022,
    3.6951208752358244,
    4.484643072843374,
    3.8781549212567152,
    3.3966879495863047,
    3.6826421144595813,
    4.795737866755752,
    4.0740563198924065,
    4.115692728642552,
    4.397928011559305,
    4.901062977234168,
    3.9353080654739947,
    4.56772607263355,
    4.7647219540196515,
    2.6374125102080317,
    4.406524646615643,
    3.677320946703687,
    3.3362040618282793,
    3.7722389183583713,
    4.484320577245117,
    4.395855068450882,
    4.001210692712838,
    3.2024718183314516,
    3.7673068145023927,
    3.8590856667253233,
    4.17635353419575,
    3.139011803160732,
    3.853385411682428,
    3.8390622832400063,
    3.1474034637316697,
    3.7862402305929987,
    3.3451591256252002,
    3.7437641165618385,
    4.83852027409843,
    4.41425745898769,
    3.614596742338368,
    3.2931133664789654,
    4.146641505887688,
    3.3127550257624883,
    4.067054931262863,
    3.631983571464107,
    3.44855555621429,
    2.7474434161531027,
    3.63261882551923,
    4.071418683805571,
    3.4635141024865757,
    3.838750212220475,
    4.421164790122974,
    4.0445089445608415,
    3.8938043887340803,
    3.3530160623053145,
    4.420678784703873,
    3.9338149154763213,
    3.3043635572568038,
    3.8750968998263975,
    3.0340230356067455,
    4.048277508047205,
    3.7760491723694454,
    3.5729923933153835,
    4.348209191477153,
    3.4804085637556343,
    3.8672691393734477,
    3.649227112716223,
    3.263817394485913,
    3.2544810395012043,
    3.1526554803841,
    3.50941933618813,
    5.360941250149796,
    3.667683934384003,
    3.402900709774879,
    4.008952961678804,
    3.597710334741306,
    3.8631220598046374,
    3.759648244413434,
    3.743327486922215
  ],
  "ablated_nll_by_position": [
    7.161121402468,
    8.481726691836403,
    6.23235743244489,
    6.625481027932394,
    5.9275991306418465,
    5.587547227030709,
    5.3242363557219505,
    5.559679710749714,
    5.153944799122179,
    5.4439924983751204,
    5.920948153450375,
    4.821980480015988,
    4.330676852237611,
    4.089823091313953,
    5.351451996115169,
    4.710955857698407,
    4.857911884252514,
    4.487986261823347,
    3.713181614720573,
    4.103988560227056,
    4.370694291345509,
    3.753660922160461,
    4.560865201610362,
    3.922026331713867,
    3.4852524290992215,
    3.716691984673075,
    4.761565427783699,
    4.0091697953286625,
    4.184844902960495,
    4.389380506106785,
    4.909427499398589,
    3.9944460928950103,
    4.518590680900074,
    4.757634912839248,
    2.634395920776851,
    4.411964728241964,
    3.743156215916055,
    3.3233344949884276,
    3.7585706728998396,
    4.487737052320015,
    4.385182759591511,
    3.983031684845974,
    3.2011599987745285,
    3.825425002768281,
    3.869677115586542,
    4.1898293969265765,
    3.1177921714261174,
    3.9015763130377135,
    3.7521913341576387,
    3.1455942277791022,
    3.8148293071807573,
    3.340448975496526,
    3.7829012400858724,
    4.800051295331547,
    4.430495006697519,
    3.6118664941085235,
    3.309781187701793,
    4.158581342437261,
    3.310504357557788,
    4.0028707654924975,
    3.6081472411751747,
    3.477811795775086,
    2.728976353289216,
    3.6423835745308457,
    4.027405569971561,
    3.495989107072535,
    3.7890523255542887,
    4.417893435806036,
    4.021761365507434,
    3.918943831225766,
    3.365538123414409,
    4.4414564385406266,
    3.9564302923475823,
    3.328292204368087,
    3.848257855953728,
    3.048580417164109,
    4.06700953749213,
    3.782842816285244,
    3.5734668811783195,
    4.335341522901705,
    3.471994736300009,
    3.995918933665607,
    3.6435343498000647,
    3.2621239349728723,
    3.2661852585144695,
    3.1543201370755347,
    3.5018760541953693,
    5.378847476185822,
    3.6680556784224945,
    3.3765296733870014,
    4.017526664117368,
    3.5826343083413454,
    3.867521772161126,
    3.790070886700982,
    3.7596854992131363
  ]
}