{
  "experiment": "sink ablation (block key-0): Qwen/Qwen2.5-1.5B",
  "model": "Qwen/Qwen2.5-1.5B",
  "corpus": "shakespeare",
  "n_chunks": 42,
  "ctx": 96,
  "baseline_nll": 3.9774702285733787,
  "ablated_nll": 4.0285381559761175,
  "delta_nll": 0.0510679274027388,
  "delta_nll_frac_of_baseline": 0.0128392984656118,
  "sink_frac_baseline": 0.44486139959708343,
  "sink_frac_ablated": 0.0,
  "intervention_ok": true,
  "delta_nll_early_pos1_8": 0.3641845281346746,
  "delta_nll_late_pos32plus": 0.00912843565081611,
  "delta_nll_by_position": [
    0.0,
    0.7863742255029225,
    0.9022753643138071,
    0.09713404803048942,
    0.41808943521408803,
    0.20559999417691,
    0.2882476022378322,
    0.22927592446406742,
    -0.013520368862719678,
    0.06908839444319437,
    0.2964989461803018,
    0.22856861725449562,
    0.1218210018816448,
    -0.026490230645451973,
    0.13252374618535967,
    0.08986853178413057,
    0.09326788091233862,
    0.011838758852155351,
    0.21796971471485405,
    0.015000906307250261,
    0.02801656512920525,
    0.013278094508375027,
    -0.02156435623986752,
    0.05243411376362728,
    -0.03950682098677927,
    0.0018115504866553778,
    0.0034581699541633704,
    0.0009896206181672085,
    0.03238884625690286,
    0.02853996417252347,
    -0.001229044090169218,
    -0.017218116936938976,
    0.036757540955607126,
    0.02163364793384659,
    0.0020631208140651225,
    0.02828887542377112,
    -0.04321147950048765,
    -0.029498569445595813,
    -0.018580695126383162,
    -0.020357857170027138,
    0.006306184550339822,
    -0.017543714338292826,
    0.046452377385278076,
    0.02511507184022932,
    0.0006627258293780969,
    0.06134264940850542,
    0.06360195996516937,
    -0.05524228234796835,
    0.0060886084256273065,
    0.044227212754343714,
    0.0037855032299245472,
    0.021921792468111434,
    -0.04749456810809338,
    0.010765024948687696,
    0.0005836739603961583,
    0.010732127797035584,
    0.0318499763074902,
    -0.022373464713728808,
    -0.02871008608157588,
    0.05469430273487452,
    0.036884777578441774,
    -0.018015049788270066,
    0.052472643782017325,
    0.004673750934804488,
    0.01905767059050545,
    -0.03561017286882828,
    0.008338091213528465,
    -0.021512192810272612,
    0.009034682367644375,
    0.0044747653740979665,
    -0.003713423228718149,
    0.0053369801498774905,
    0.03632716293923721,
    -0.021716803448592614,
    0.01811047456417647,
    0.025393801299776086,
    -0.02622378978696549,
    0.02612541660825496,
    0.014104812597130145,
    -0.025347753087194835,
    0.10642639184143476,
    0.06416516544200812,
    0.034317366266960025,
    -0.001962852822788186,
    -0.0015424406610247132,
    -0.005155532461841084,
    0.024398452625042033,
    0.033889220527759445,
    -0.023013372307858937,
    -0.024320228538804667,
    0.00017711233983686014,
    -0.00025338261592677824,
    0.035800428274542107,
    0.011919262113268658,
    0.0181903510976289
  ],
  "baseline_nll_by_position": [
    8.37338997210775,
    6.325497698216211,
    6.64953595825604,
    5.7592391314960665,
    5.548046966393788,
    5.199631033199174,
    5.205617819779685,
    5.036047195394834,
    5.386237024196556,
    5.913728020730472,
    4.577417791688016,
    4.265246624570517,
    4.020291582459495,
    5.2111294986236665,
    4.6533411129244735,
    4.545383526367091,
    4.287536375756774,
    3.665695559061576,
    3.801090735907478,
    3.925061206228011,
    3.743326447017136,
    4.027169492882898,
    4.048287879021483,
    3.551228135912901,
    3.587578982488984,
    4.651054683274457,
    3.926064916043764,
    3.7401931835338473,
    4.102881884645848,
    4.450113635050089,
    3.851029834671603,
    4.449286310800484,
    4.081181256987509,
    2.745182979128523,
    4.283074282825553,
    3.4721747686132964,
    3.247848712327097,
    3.7351908955190862,
    4.52755265164056,
    4.099007973114827,
    4.121900723998676,
    3.27890172707183,
    3.738660605423883,
    3.963488862273239,
    4.108181302673377,
    3.0169700174758742,
    3.530454301369554,
    3.630736784039809,
    2.994938480994322,
    3.755416162849109,
    3.213875172548883,
    3.360369225017383,
    4.514637426961036,
    4.1262855896992345,
    3.7078799725111042,
    3.1118682959959623,
    4.113946696942938,
    3.225627753830503,
    3.756646189002259,
    3.4873069899067994,
    3.4922511294910996,
    2.7576906720499945,
    3.5166291009902904,
    3.850424162316613,
    3.144481396286787,
    3.867759270538156,
    3.990121458906953,
    3.682677130941756,
    3.561171164008556,
    3.4152894249873054,
    4.266085379793456,
    3.4370673724660286,
    3.051610314718834,
    3.548471285211967,
    3.154851785081053,
    4.135132421556258,
    3.6363609026572328,
    3.405940066739099,
    3.7243465170174272,
    3.2742872061889345,
    3.535700127459699,
    3.3898763169432287,
    3.1788842919610567,
    3.049078039570881,
    3.1716851502338925,
    3.265178047120571,
    5.04516009295859,
    3.7620743757068382,
    3.3820927146106685,
    4.008380028233039,
    3.2302032376117094,
    3.7731079655449564,
    3.467042216494475,
    3.3752532862532774,
    3.5789964589171066
  ],
  "ablated_nll_by_position": [
    8.37338997210775,
    7.111871923719134,
    7.551811322569847,
    5.856373179526556,
    5.966136401607876,
    5.405231027376084,
    5.493865422017517,
    5.265323119858901,
    5.372716655333837,
    5.982816415173667,
    4.873916737868318,
    4.493815241825013,
    4.14211258434114,
    5.1846392679782145,
    4.785864859109833,
    4.635252058151222,
    4.380804256669113,
    3.6775343179137314,
    4.019060450622332,
    3.9400621125352613,
    3.771343012146341,
    4.040447587391273,
    4.026723522781616,
    3.6036622496765283,
    3.548072161502205,
    4.652866233761112,
    3.9295230859979275,
    3.7411828041520145,
    4.135270730902751,
    4.478653599222612,
    3.8498007905814338,
    4.432068193863545,
    4.117938797943117,
    2.7668166270623695,
    4.285137403639618,
    3.5004636440370676,
    3.2046372328266095,
    3.7056923260734904,
    4.508971956514177,
    4.0786501159448,
    4.128206908549016,
    3.2613580127335373,
    3.785112982809161,
    3.9886039341134683,
    4.108844028502755,
    3.0783126668843797,
    3.5940562613347233,
    3.5754945016918405,
    3.0010270894199493,
    3.799643375603453,
    3.2176606757788075,
    3.3822910174854943,
    4.4671428588529425,
    4.137050614647922,
    3.7084636464715004,
    3.122600423792998,
    4.1457966732504286,
    3.2032542891167743,
    3.7279361029206832,
    3.542001292641674,
    3.5291359070695414,
    2.7396756222617245,
    3.5691017447723077,
    3.8550979132514174,
    3.1635390668772922,
    3.8321490976693275,
    3.9984595501204816,
    3.6611649381314835,
    3.5702058463762003,
    3.4197641903614033,
    4.2623719565647376,
    3.442404352615906,
    3.087937477658071,
    3.5267544817633745,
    3.1729622596452294,
    4.160526222856034,
    3.6101371128702673,
    3.432065483347354,
    3.7384513296145574,
    3.2489394531017397,
    3.642126519301134,
    3.454041482385237,
    3.2132016582280167,
    3.047115186748093,
    3.170142709572868,
    3.26002251465873,
    5.069558545583632,
    3.7959635962345977,
    3.3590793423028096,
    3.984059799694234,
    3.230380349951546,
    3.7728545829290296,
    3.502842644769017,
    3.387172548366546,
    3.5971868100147355
  ]
}