{
  "experiment": "sink ablation (block key-0): gpt2",
  "model": "gpt2",
  "corpus": "shakespeare",
  "n_chunks": 42,
  "ctx": 96,
  "baseline_nll": 4.996021348568753,
  "ablated_nll": 7.082645775076121,
  "delta_nll": 2.0866244265073677,
  "delta_nll_frac_of_baseline": 0.41765722780691045,
  "sink_frac_baseline": 0.4558949474558257,
  "sink_frac_ablated": 0.0,
  "intervention_ok": true,
  "delta_nll_early_pos1_8": 5.232443083901584,
  "delta_nll_late_pos32plus": 1.5686911566046624,
  "delta_nll_by_position": [
    0.0,
    9.245362917293928,
    7.8400081275474465,
    4.232568598019757,
    4.660587601202894,
    4.281462373832861,
    4.768407235509671,
    3.9022658392121743,
    2.928881978593944,
    2.6601694002735403,
    4.314522681491716,
    2.6323706557353344,
    2.3621883023352854,
    1.9296717891799444,
    2.1337225633629027,
    2.2994565629750943,
    3.7882568246908095,
    2.9784656151286537,
    2.446870760326939,
    2.3942364484648264,
    2.7049366715142416,
    2.113716234053884,
    2.3623895787057423,
    3.050480243705569,
    2.1589771281467707,
    1.765265643685347,
    2.7365377665274933,
    2.6545883644194834,
    2.988557890943844,
    2.928292581961223,
    1.2775739509434931,
    0.40404370356173747,
    1.628048718517502,
    2.728047127525011,
    1.7347144171404318,
    1.5750969177457765,
    2.4784450978040695,
    1.4622270228962106,
    1.6755019445890431,
    1.853047920755282,
    2.4704359876036284,
    1.5943903178420094,
    2.2314845682260405,
    1.981034550075405,
    1.5870002615043806,
    1.1825299411132058,
    1.2993862459157492,
    2.611948227401756,
    2.034227984746741,
    1.8237970471146543,
    1.9887531768721862,
    1.099785589250608,
    2.114128509310831,
    0.9476442103762004,
    1.0153934461386163,
    1.3725272740370462,
    1.047534248798045,
    1.1298770099251882,
    0.790637551048782,
    1.4798152482780145,
    1.9277141438776333,
    1.0284975065172013,
    1.353436992814144,
    2.184363791128484,
    1.6570471474310242,
    1.3194917939750974,
    1.4651925065284939,
    1.9344299778203116,
    1.5020428484209196,
    1.6068900185750747,
    1.1954150573398756,
    1.4437726950642036,
    1.7083302414635337,
    1.5342749606181938,
    1.880661604752432,
    0.6264157159858748,
    1.4972555875105966,
    2.539514708594652,
    2.6038251928417235,
    1.856313267685104,
    1.2828774198030102,
    1.578015541588595,
    0.7874707506210745,
    1.3875853290381022,
    1.6036799584764552,
    0.5326255003878391,
    1.1997445911188924,
    1.0614531991091871,
    0.45995990809609744,
    0.6697339630982464,
    1.6652311213987474,
    1.5711643688264303,
    2.127265004441142,
    2.1145928775467167,
    0.9837970110462129
  ],
  "baseline_nll_by_position": [
    6.406538415522802,
    6.396425622138416,
    5.022090407354491,
    6.160514574520112,
    5.563099861788076,
    6.859815752577214,
    4.94858569052026,
    4.900622650692683,
    5.487139268889136,
    5.131885011636076,
    5.627186445253236,
    6.645230631743159,
    6.025136890865507,
    6.429795483748118,
    5.487296200468249,
    4.993080966986738,
    4.921348690312395,
    5.055649384301866,
    5.204408641372408,
    5.877284350139754,
    5.4607200199915535,
    5.107027048865954,
    4.771808886279662,
    6.378140528996785,
    4.712282469063731,
    5.297932481481915,
    4.345984090651784,
    4.620869761421567,
    5.200431605885526,
    5.503025298078899,
    4.588362045231319,
    5.712022260895798,
    5.469407439199997,
    4.154006131348156,
    4.7110310434239056,
    4.690028981174345,
    5.261722241483984,
    4.976558780031545,
    5.299558083063901,
    5.772780424782208,
    4.759134628965209,
    5.289406532643452,
    4.270558638724781,
    4.428133096908347,
    4.692663597917306,
    5.288685396423846,
    5.0300278531843405,
    3.6117570819083733,
    3.7471702919851633,
    4.289387262510856,
    4.707626022944515,
    5.688968581404576,
    4.4352313630941875,
    3.962918072761524,
    4.766226119433885,
    5.277718516643203,
    4.982432596917663,
    5.932636811167911,
    5.665800935371191,
    4.789366910799539,
    4.619089949301616,
    5.260080766153849,
    5.967244850294221,
    4.362219563526351,
    4.562725915414531,
    5.115931425533235,
    4.36421884062257,
    4.232628628879888,
    5.23685079127005,
    4.52594836851264,
    5.114777291141076,
    5.071672046679163,
    5.0583336512308295,
    5.503875903058343,
    4.004733743001608,
    5.3263239776105165,
    4.458875707574629,
    4.208079053358765,
    4.337533050705111,
    3.8145978394363405,
    5.189489807879266,
    4.090275388863718,
    4.972121115288734,
    4.985204671759431,
    4.491469557892542,
    5.258391055707584,
    3.490008023896868,
    3.6600787594826416,
    4.8543776474586435,
    4.860501513829903,
    4.034832990715541,
    4.2933575530669925,
    4.6522378994651685,
    3.8402009379202444,
    5.721060917512926
  ],
  "ablated_nll_by_position": [
    6.406538415522802,
    15.641788539432344,
    12.862098534901937,
    10.39308317253987,
    10.22368746299097,
    11.141278126410075,
    9.716992926029931,
    8.802888489904857,
    8.41602124748308,
    7.792054411909616,
    9.941709126744952,
    9.277601287478493,
    8.387325193200793,
    8.359467272928063,
    7.6210187638311515,
    7.292537529961832,
    8.709605515003204,
    8.03411499943052,
    7.651279401699347,
    8.27152079860458,
    8.165656691505795,
    7.220743282919838,
    7.134198464985404,
    9.428620772702354,
    6.871259597210502,
    7.063198125167262,
    7.082521857179278,
    7.27545812584105,
    8.18898949682937,
    8.431317880040123,
    5.865935996174812,
    6.116065964457535,
    7.097456157717499,
    6.882053258873167,
    6.445745460564337,
    6.265125898920122,
    7.740167339288053,
    6.438785802927756,
    6.975060027652944,
    7.62582834553749,
    7.229570616568838,
    6.883796850485461,
    6.502043206950821,
    6.409167646983752,
    6.279663859421687,
    6.471215337537052,
    6.32941409910009,
    6.223705309310129,
    5.781398276731904,
    6.1131843096255105,
    6.696379199816701,
    6.788754170655184,
    6.549359872405018,
    4.9105622831377245,
    5.781619565572501,
    6.650245790680249,
    6.029966845715708,
    7.062513821093099,
    6.456438486419973,
    6.269182159077554,
    6.546804093179249,
    6.28857827267105,
    7.320681843108365,
    6.546583354654835,
    6.219773062845555,
    6.4354232195083325,
    5.829411347151064,
    6.167058606700199,
    6.7388936396909696,
    6.132838387087714,
    6.3101923484809515,
    6.515444741743367,
    6.766663892694363,
    7.038150863676536,
    5.88539534775404,
    5.952739693596391,
    5.956131295085226,
    6.747593761953417,
    6.941358243546834,
    5.670911107121444,
    6.472367227682276,
    5.668290930452313,
    5.759591865909808,
    6.372790000797533,
    6.0951495163689975,
    5.791016556095423,
    4.6897526150157605,
    4.721531958591829,
    5.314337555554741,
    5.53023547692815,
    5.700064112114289,
    5.864521921893423,
    6.779502903906311,
    5.954793815466961,
    6.7048579285591385
  ]
}