{
  "experiment": "ROME-style causal tracing of factual recall (cross-model)",
  "results": [
    {
      "model": "gpt2",
      "rope": false,
      "n_layers": 12,
      "n_facts_used": 17,
      "recovery_by_layer": [
        0.7452361269296077,
        0.028808114495235654,
        0.021524958637201608,
        0.02647569067991191,
        0.004141171264915221,
        0.04465173896059055,
        0.03699996888935311,
        0.0037328935477437116,
        0.019105678494434696,
        -0.009647391463097565,
        0.009868601403204526,
        0.0
      ],
      "depth": [
        0.0,
        0.09090909090909091,
        0.18181818181818182,
        0.2727272727272727,
        0.36363636363636365,
        0.45454545454545453,
        0.5454545454545454,
        0.6363636363636364,
        0.7272727272727273,
        0.8181818181818182,
        0.9090909090909091,
        1.0
      ],
      "peak_layer": 0,
      "peak_depth": 0.0,
      "peak_recovery": 0.7452361269296077,
      "top_layers": [
        {
          "layer": 0,
          "depth": 0.0,
          "recovery": 0.7452361269296077
        },
        {
          "layer": 5,
          "depth": 0.45454545454545453,
          "recovery": 0.04465173896059055
        },
        {
          "layer": 6,
          "depth": 0.5454545454545454,
          "recovery": 0.03699996888935311
        }
      ]
    },
    {
      "model": "gpt2-medium",
      "rope": false,
      "n_layers": 24,
      "n_facts_used": 17,
      "recovery_by_layer": [
        0.9656237157008846,
        0.32996327677026255,
        -0.23890755644833667,
        0.26846529945134734,
        0.09828254823882109,
        0.16992713880036603,
        0.17935532722443007,
        0.14833223042057164,
        0.12968863549671103,
        0.2356575057513617,
        0.18753157763597322,
        0.2318356725795703,
        0.1856994209279944,
        0.16666091043976988,
        0.09544682459686535,
        0.02914841933389029,
        0.010689363859728074,
        0.031392609785221154,
        0.019503304010483852,
        0.024920161780734997,
        0.006203954213253743,
        0.001103850764298688,
        0.004752740310614483,
        0.0
      ],
      "depth": [
        0.0,
        0.043478260869565216,
        0.08695652173913043,
        0.13043478260869565,
        0.17391304347826086,
        0.21739130434782608,
        0.2608695652173913,
        0.30434782608695654,
        0.34782608695652173,
        0.391304347826087,
        0.43478260869565216,
        0.4782608695652174,
        0.5217391304347826,
        0.5652173913043478,
        0.6086956521739131,
        0.6521739130434783,
        0.6956521739130435,
        0.7391304347826086,
        0.782608695652174,
        0.8260869565217391,
        0.8695652173913043,
        0.9130434782608695,
        0.9565217391304348,
        1.0
      ],
      "peak_layer": 0,
      "peak_depth": 0.0,
      "peak_recovery": 0.9656237157008846,
      "top_layers": [
        {
          "layer": 0,
          "depth": 0.0,
          "recovery": 0.9656237157008846
        },
        {
          "layer": 1,
          "depth": 0.043478260869565216,
          "recovery": 0.32996327677026255
        },
        {
          "layer": 3,
          "depth": 0.13043478260869565,
          "recovery": 0.26846529945134734
        }
      ]
    },
    {
      "model": "gpt2-large",
      "rope": false,
      "n_layers": 36,
      "n_facts_used": 15,
      "recovery_by_layer": [
        0.9902356012969507,
        1.0429054537978035,
        0.7283593063855005,
        0.5843170952430801,
        0.2656190733811741,
        0.3067180417061849,
        0.19514355984263768,
        0.17416334057871108,
        0.22401608878649096,
        0.1145774153039878,
        0.07954145487076998,
        0.07993159979450438,
        0.1554663041086549,
        0.009777652234709137,
        0.09399186846196543,
        0.06384003754426198,
        0.04986596899621217,
        0.1613961075244542,
        0.1230647938862486,
        0.09478748933258471,
        0.06935846688518042,
        0.06415953260823261,
        0.05537486347346743,
        0.024445352495808027,
        0.07801296357416142,
        0.04664253095221078,
        0.025615296359566147,
        0.023735168146227285,
        0.016984500231882714,
        0.012791744161421056,
        0.008207181353272457,
        0.00795817202258084,
        0.0022941092078445054,
        0.004619290208010708,
        -0.0011648692533861459,
        0.0
      ],
      "depth": [
        0.0,
        0.02857142857142857,
        0.05714285714285714,
        0.08571428571428572,
        0.11428571428571428,
        0.14285714285714285,
        0.17142857142857143,
        0.2,
        0.22857142857142856,
        0.2571428571428571,
        0.2857142857142857,
        0.3142857142857143,
        0.34285714285714286,
        0.37142857142857144,
        0.4,
        0.42857142857142855,
        0.45714285714285713,
        0.4857142857142857,
        0.5142857142857142,
        0.5428571428571428,
        0.5714285714285714,
        0.6,
        0.6285714285714286,
        0.6571428571428571,
        0.6857142857142857,
        0.7142857142857143,
        0.7428571428571429,
        0.7714285714285715,
        0.8,
        0.8285714285714286,
        0.8571428571428571,
        0.8857142857142857,
        0.9142857142857143,
        0.9428571428571428,
        0.9714285714285714,
        1.0
      ],
      "peak_layer": 1,
      "peak_depth": 0.02857142857142857,
      "peak_recovery": 1.0429054537978035,
      "top_layers": [
        {
          "layer": 1,
          "depth": 0.02857142857142857,
          "recovery": 1.0429054537978035
        },
        {
          "layer": 0,
          "depth": 0.0,
          "recovery": 0.9902356012969507
        },
        {
          "layer": 2,
          "depth": 0.05714285714285714,
          "recovery": 0.7283593063855005
        }
      ]
    },
    {
      "model": "gemma-2-2b",
      "rope": true,
      "n_layers": 26,
      "n_facts_used": 0,
      "recovery_by_layer": [
        0.0,
        0.0,
        0.0,
        0.0,
        0.0,
        0.0,
        0.0,
        0.0,
        0.0,
        0.0,
        0.0,
        0.0,
        0.0,
        0.0,
        0.0,
        0.0,
        0.0,
        0.0,
        0.0,
        0.0,
        0.0,
        0.0,
        0.0,
        0.0,
        0.0,
        0.0
      ],
      "depth": [
        0.0,
        0.04,
        0.08,
        0.12,
        0.16,
        0.2,
        0.24,
        0.28,
        0.32,
        0.36,
        0.4,
        0.44,
        0.48,
        0.52,
        0.56,
        0.6,
        0.64,
        0.68,
        0.72,
        0.76,
        0.8,
        0.84,
        0.88,
        0.92,
        0.96,
        1.0
      ],
      "peak_layer": 0,
      "peak_depth": 0.0,
      "peak_recovery": 0.0,
      "top_layers": [
        {
          "layer": 0,
          "depth": 0.0,
          "recovery": 0.0
        },
        {
          "layer": 1,
          "depth": 0.04,
          "recovery": 0.0
        },
        {
          "layer": 2,
          "depth": 0.08,
          "recovery": 0.0
        }
      ]
    },
    {
      "model": "Llama-3.2-1B",
      "rope": true,
      "n_layers": 16,
      "n_facts_used": 18,
      "recovery_by_layer": [
        0.9381666793920209,
        0.32801557814955934,
        0.7375173173144842,
        0.5590731492266292,
        0.30426029249344727,
        0.24311251520929172,
        0.1993484458875415,
        0.2150489859982929,
        0.16267502219876173,
        0.05084762937872177,
        0.10629919786426792,
        0.058654020456118644,
        0.049741085310040685,
        0.028168978237395836,
        0.004558260885595738,
        0.0
      ],