{
  "experiment": "do induction heads tile the input domain? (dominant-head vs token frequency / identity)",
  "results": [
    {
      "model": "gpt2",
      "rope": false,
      "pop_size": 16,
      "n_positions": 744,
      "n_active_owners": 10,
      "freq_eta2": 0.019558128698005287,
      "freq_eta2_null_mean": 0.016911605842352056,
      "freq_eta2_z": 0.30175808053356024,
      "identity_mean_jaccard": 0.06451556963931852,
      "head_freq_rank": {
        "5.1": 122.76071428571429,
        "6.9": 128.01257861635222,
        "5.5": 133.76,
        "7.10": 141.27358490566039,
        "7.2": 128.16666666666666,
        "5.0": 95.94117647058823,
        "8.1": 150.75,
        "10.7": 149.44444444444446,
        "10.1": 168.5,
        "9.1": 84.83333333333333,
        "9.9": 135.0,
        "11.10": 142.0,
        "10.11": 156.71428571428572
      }
    },
    {
      "model": "gpt2-large",
      "rope": false,
      "pop_size": 16,
      "n_positions": 744,
      "n_active_owners": 14,
      "freq_eta2": 0.02812007636895705,
      "freq_eta2_null_mean": 0.01997888681177239,
      "freq_eta2_z": 1.0490732817973543,
      "identity_mean_jaccard": 0.056525179663161666,
      "head_freq_rank": {
        "16.0": 135.5924764890282,
        "19.4": 119.66917293233082,
        "16.9": 128.07894736842104,
        "18.7": 125.16326530612245,
        "20.1": 138.390243902439,
        "21.8": 108.29411764705883,
        "15.4": 120.4,
        "20.11": 130.45454545454547,
        "17.4": 142.26923076923077,
        "11.19": 126.83333333333333,
        "20.10": 106.76,
        "12.14": 82.8,
        "17.6": 91.0,
        "22.13": 56.5,
        "22.17": 120.37037037037037,
        "23.12": 141.3
      }
    },
    {
      "model": "gemma-2-2b",
      "rope": true,
      "pop_size": 16,
      "n_positions": 744,
      "n_active_owners": 7,
      "freq_eta2": 0.012539672029249348,
      "freq_eta2_null_mean": 0.016272058084608364,
      "freq_eta2_z": -0.4001837505170176,
      "identity_mean_jaccard": 0.03670933039652337,
      "head_freq_rank": {
        "6.3": 128.3836276083467,
        "6.2": 129.24444444444444,
        "22.3": 145.6,
        "22.4": 118.75,
        "22.2": 202.0,
        "15.0": 65.33333333333333,
        "4.4": 190.33333333333334,
        "18.6": 139.0,
        "22.7": 99.0,
        "8.6": 128.0,
        "6.4": 151.0,
        "7.6": 43.0,
        "14.0": 122.0,
        "19.1": 15.0
      }
    },
    {
      "model": "Llama-3.2-1B",
      "rope": true,
      "pop_size": 16,
      "n_positions": 744,
      "n_active_owners": 5,
      "freq_eta2": 0.016519850024110393,
      "freq_eta2_null_mean": 0.011570402440634876,
      "freq_eta2_z": 0.6955880200957599,
      "identity_mean_jaccard": 0.05990268057631035,
      "head_freq_rank": {
        "10.23": 130.69256756756758,
        "5.10": 126.6574074074074,
        "2.26": 88.3,
        "12.15": 93.0,
        "12.13": 123.4,
        "10.1": 88.83333333333333,
        "13.20": 71.5,
        "2.20": 186.0,
        "7.5": 153.0,
        "5.11": 96.0
      }
    },
    {
      "model": "Qwen2.5-1.5B",
      "rope": true,
      "pop_size": 16,
      "n_positions": 744,
      "n_active_owners": 6,
      "freq_eta2": 0.008124144377160577,
      "freq_eta2_null_mean": 0.006355614129440302,
      "freq_eta2_z": 0.4285927440440059,
      "identity_mean_jaccard": 0.0370186241806428,
      "head_freq_rank": {
        "14.3": 126.77224736048265,
        "19.3": 133.78571428571428,
        "2.3": 164.0,
        "19.5": 123.75,
        "23.2": 175.22222222222223,
        "23.1": 190.0
      }
    }
  ]
}