{
  "experiment": "induction circuit: weighted-ensemble vs distributed-decomposition (effective-N / PR / cosine)",
  "results": [
    {
      "model": "gpt2",
      "rope": false,
      "n_layers": 12,
      "n_heads": 12,
      "population": [
        "5.1",
        "5.5",
        "6.9",
        "7.10",
        "7.2",
        "5.0",
        "8.1",
        "10.7",
        "10.1",
        "9.1",
        "9.9",
        "9.6",
        "11.10",
        "8.6",
        "10.11",
        "10.6",
        "5.8",
        "10.0",
        "7.11",
        "11.9"
      ],
      "pop_size": 20,
      "effective_n": 2.2086902522316363,
      "participation_ratio": 2.2493530970287234,
      "participation_ratio_frac": 0.11246765485143617,
      "functional_cosine": 0.02745904076957903,
      "structural_ov_cosine": 0.02458241954445839,
      "layer_span": 0.5454545454545454,
      "layer_std": 0.18608626809507928,
      "n_layers_used": 7,
      "n_positions": 504,
      "top_share": 0.6604388839226047,
      "mean_contrib": {
        "5.1": 1.2952174164551367,
        "5.5": 0.02209107876877256,
        "6.9": 0.13087799776154238,
        "7.10": -0.01646956997507322,
        "7.2": 0.1600597788620646,
        "5.0": -0.00023108164269716427,
        "8.1": 0.08275094712792899,
        "10.7": -0.12345824677876885,
        "10.1": 0.05707288290166559,
        "9.1": 0.08481820007496964,
        "9.9": -0.00822440712057407,
        "9.6": 0.005391363640055282,
        "11.10": -0.0552275579641915,
        "8.6": 0.01929964234642241,
        "10.11": 0.022308983176030563,
        "10.6": 0.042119023710083206,
        "5.8": -0.07237346079331011,
        "10.0": 0.017621783996536765,
        "7.11": 0.012757718368650077,
        "11.9": 0.00875969914133228
      }
    },
    {
      "model": "gpt2-medium",
      "rope": false,
      "n_layers": 24,
      "n_heads": 16,
      "population": [
        "11.1",
        "9.9",
        "7.2",
        "12.1",
        "6.1",
        "13.14",
        "5.8",
        "18.5",
        "12.13",
        "10.8",
        "9.3",
        "14.2",
        "10.1",
        "17.12",
        "9.4",
        "6.11",
        "17.2",
        "22.14",
        "20.7",
        "18.9"
      ],
      "pop_size": 20,
      "effective_n": 11.27748743906132,
      "participation_ratio": 5.960675726836741,
      "participation_ratio_frac": 0.2980337863418371,
      "functional_cosine": 0.12460926382936449,
      "structural_ov_cosine": 0.04370811954140663,
      "layer_span": 0.7391304347826086,
      "layer_std": 0.21116071339363146,
      "n_layers_used": 13,
      "n_positions": 504,
      "top_share": 0.15107840760401597,
      "mean_contrib": {
        "11.1": 0.06402729281410482,
        "9.9": 0.11746840838843907,
        "7.2": 0.05949138951565681,
        "12.1": 0.06876295260418186,
        "6.1": 0.09655526247794143,
        "13.14": 0.021779746462319356,
        "5.8": 0.094419330425548,
        "18.5": 0.012847346867298862,
        "12.13": 0.031019600193094302,
        "10.8": 0.04855208466399326,
        "9.3": 0.01256600607158607,
        "14.2": 0.04752248972190067,
        "10.1": 0.0194065819115268,
        "17.12": -0.06421158297535075,
        "9.4": 0.02376107569955546,
        "6.11": 0.019258942898713508,
        "17.2": 0.03892178920386147,
        "22.14": -0.05654195530177464,
        "20.7": 0.0011724411995687877,
        "18.9": -0.03704095753519574
      }
    },
    {
      "model": "gpt2-large",
      "rope": false,
      "n_layers": 36,
      "n_heads": 20,
      "population": [
        "16.0",
        "19.4",
        "16.9",
        "18.7",
        "20.1",
        "21.8",
        "15.4",
        "20.11",
        "20.10",
        "17.4",
        "11.19",
        "12.14",
        "17.6",
        "22.13",
        "22.17",
        "23.12",
        "23.0",
        "26.0",
        "18.4",
        "23.13"
      ],
      "pop_size": 20,
      "effective_n": 2.1433630434995408,
      "participation_ratio": 1.6107046272189158,
      "participation_ratio_frac": 0.08053523136094579,
      "functional_cosine": 0.1066644686049472,
      "structural_ov_cosine": 0.06786511838436127,
      "layer_span": 0.42857142857142855,
      "layer_std": 0.10670386256230037,
      "n_layers_used": 12,
      "n_positions": 504,
      "top_share": 0.6725625207228134,
      "mean_contrib": {
        "16.0": -0.012314752252894409,
        "19.4": 0.03776258985176571,
        "16.9": 0.6712229478427962,
        "18.7": 0.04554543553459798,
        "20.1": 0.07779582812855508,
        "21.8": 0.020808667738738077,
        "15.4": -0.0009789451222685683,
        "20.11": 0.0052356480496994675,
        "20.10": -0.0038211506746140206,
        "17.4": 0.04017474811149037,
        "11.19": 0.023486980169619774,
        "12.14": 0.03227054906430624,
        "17.6": 0.014214917037789414,
        "22.13": 0.027103702537253468,
        "22.17": -0.002175293032898538,
        "23.12": 0.0010537197857278414,
        "23.0": -0.012387583838611294,
        "26.0": -0.03352191939646016,
        "18.4": 0.001332521381314903,
        "23.13": -0.0005252452295583984
      }
    },
    {
      "model": "gpt2-xl",
      "rope": false,
      "n_layers": 48,
      "n_heads": 25,
      "population": [
        "21.3",
        "16.3",
        "16.21",
        "20.0",
        "19.18",
        "18.0",
        "29.14",
        "22.20",
        "25.18",
        "13.0",
        "17.6",
        "28.11",
        "17.14",
        "27.1",
        "17.1",
        "35.4",
        "26.20",
        "32.13",
        "25.22",
        "35.15"
      ],
      "pop_size": 20,
      "effective_n": 7.399029239834769,
      "participation_ratio": 2.9626537031534497,
      "participation_ratio_frac": 0.14813268515767247,
      "functional_cosine": 0.11763616556737087,
      "structural_ov_cosine": 0.05661553889513016,
      "layer_span": 0.46808510638297873,
      "layer_std": 0.13655199140187269,
      "n_layers_used": 15,
      "n_positions": 504,
      "top_share": 0.28710766958383666,
      "mean_contrib": {
        "21.3": 0.05004490370675552,
        "16.3": -0.02026675079186033,
        "16.21": 0.12857509014198543,
        "20.0": 0.019386274740561874,
        "19.18": 0.04536196397615611,
        "18.0": 0.03403634751873416,
        "29.14": -0.002967126349667235,
        "22.20": 0.034088100790367684,
        "25.18": 0.007243503963792815,
        "13.0": 0.04338505163434006,
        "17.6": 0.02505556079429678,
        "28.11": 0.01552681448187546,
        "17.14": 0.0006062166140754781,
        "27.1": 0.012948486870819969,
        "17.1": 0.009171844507652587,
        "35.4": -0.025421539807760542,
        "26.20": 0.00901811364493037,
        "32.13": -0.03176862545106338,
        "25.22": 0.013336661974400548,
        "35.15": 4.388902443535035e-05
      }
    },
    {
      "model": "gemma-2-2b",
      "rope": true,
      "n_layers": 26,
      "n_heads": 8,
      "population": [
        "6.3",
        "6.2",
        "22.3",
        "4.4",
        "22.4",
        "22.2",
        "8.6",
        "6.4",
        "22.7",
        "7.6",
        "15.0",
        "21.5",
        "14.0",
        "22.5",
        "23.7",
        "18.6",
        "23.6",
        "19.1",
        "24.5",
        "6.1"
      ],
      "pop_size": 20,
      "effective_n": 4.852564402365658,
      "participation_ratio": 7.561340845597068,
      "participation_ratio_frac": 0.37806704227985344,
      "functional_cosine": 0.06360185858806956,
      "structural_ov_cosine": 0.010658116079866886,
      "layer_span": 0.8,
      "layer_std": 0.29243802762294785,
      "n_layers_used": 12,
      "n_positions": 504,
      "top_share": 0.4020736609204892,
      "mean_contrib": {
        "6.3": 1.0168542630837893,
        "6.2": -0.03947193915842541,
        "22.3": 0.5556288344662226,
        "4.4": -0.583054710600519,
        "22.4": 3.054848431533924,
        "22.2": 0.5668169180608524,
        "8.6": 0.44806122507748475,