{
  "model": "EleutherAI/pythia-14m",
  "n_seeds": 120,
  "gen_len": 20,
  "fidelity_horizon": 1.45,
  "fidelity_horizon_median": 0.5,
  "stepwise_agreement": [
    0.5,
    0.5083333333333333,
    0.44166666666666665,
    0.475,
    0.5166666666666667,
    0.475,
    0.5333333333333333,
    0.5583333333333333,
    0.5333333333333333,
    0.5166666666666667,
    0.625,
    0.6166666666666667,
    0.6916666666666667,
    0.7083333333333334,
    0.7416666666666667,
    0.775,
    0.8083333333333333,
    0.8083333333333333,
    0.8333333333333334,
    0.8416666666666667
  ],
  "pylm_vs_corpus_overlap": 0.043333333333333335
}