{
  "model": "gpt2",
  "n_seeds": 120,
  "gen_len": 20,
  "fidelity_horizon": 1.2166666666666666,
  "fidelity_horizon_median": 0.0,
  "stepwise_agreement": [
    0.49166666666666664,
    0.425,
    0.425,
    0.4666666666666667,
    0.49166666666666664,
    0.55,
    0.625,
    0.575,
    0.7,
    0.6333333333333333,
    0.5583333333333333,
    0.575,
    0.5666666666666667,
    0.6416666666666667,
    0.5916666666666667,
    0.6,
    0.675,
    0.65,
    0.7333333333333333,
    0.7416666666666667
  ],
  "pylm_vs_corpus_overlap": 0.04416666666666667
}